Id,Label,Country
9260,Charlton Athletic U21,England
3008,Hull City,England
677,Ipswich Town,England
22993,Fleet Town FC,England
9265,Manchester City U23,England
9206,Arnold Town,England
29990,West Bromwich Albion U23,England
20428,FC United of Manchester,England
1032,Reading FC,England
985,Manchester United,England
1098,Stockport County,England
2793,Southend United,England
22563,Oxford City FC,England
1042,Crewe Alexandra,England
349,Barnsley FC,England
9251,Manchester United U23,England
986,Cambridge United,England
8824,Sheffield United U23,England
148,Tottenham Hotspur,England
10373,Ashton United,England
9463,Ilkeston Town (liq.),England
6168,Barrow AFC,England
9263,Portsmouth FC U21,England
3721,Alfreton Town,England
2998,Margate FC,England
15910,Swindon Town U18,England
4295,Stafford Rangers,England
3456,Gateshead FC,England
4117,Wealdstone FC,England
2794,Havant & Waterlooville FC,England
29,Everton FC,England
4081,Bishop Auckland FC,England
9249,Arsenal FC Reserves,England
379,West Ham United,England
4074,Dartford FC,England
38967,AFC Bournemouth U21,England
2805,Wycombe Wanderers,England
2804,Barnet FC,England
1071,Wigan Athletic,England
6922,Liverpool FC U18,England
6579,AFC Sudbury,England
9154,Yeading FC,England
1031,Luton Town,England
1194,Rotherham United,England
9259,Bolton Wanderers U23,England
3786,Walton & Hersham FC,England
23637,Scarborough FC (diss.),England
1028,Millwall FC,England
1003,Leicester City,England
1110,Huddersfield Town,England
5679,Arsenal FC U18,England
3489,Boston United,England
6908,Hayes & Yeading FC,England
971,Scarborough Athletic,England
1252,York City,England
931,Fulham FC,England
1150,Leyton Orient,England
2963,Burton Albion,England
3824,Dorchester Town,England
42938,Redhill FC,England
42231,AFC Wulfrunians,England
12335,Solihull Moors,England
3064,Hereford United (liq.),England
1010,Watford FC,England
1060,Colchester United,England
25745,Needham Market FC,England
1045,Notts County,England
988,Oxford United,England
543,Wolverhampton Wanderers,England
2962,Altrincham FC,England
45961,Hartley Wintney FC,England
10910,Blackpool Mechanics,England
3722,Hinckley United (liq.),England
8908,Carshalton Athletic,England
9253,Newcastle United U23,England
22646,Shepshed Dynamo FC,England
2436,Macclesfield Town,England
3647,Stalybridge Celtic FC,England
35007,AFC Newbury,England
7067,Billericay Town,England
3826,St. Albans City,England
972,Yeovil Town,England
6928,Tottenham Hotspur U18,England
698,Bristol City,England
2577,Hartlepool United,England
337,Birmingham City,England
1220,Carlisle United,England
20877,Brackley Town,England
9256,Middlesbrough FC U21,England
3697,Morecambe FC,England
7048,Bradford Park Avenue,England
11310,Slough Town,England
3539,Tamworth FC,England
1039,Queens Park Rangers,England
33560,Frome Town FC,England
47028,FC Windsor,England
20955,Gosport Borough FC,England
6683,Canvey Island,England
3813,Spennymoor United,England
22615,Bromsgrove Rovers FC,England
991,Wimbledon FC,England
3933,Nuneaton Town,England
37993,Watford FC U23,England
603,Cardiff City,England
3537,Crawley Town,England
3054,Shrewsbury Town,England
1127,FC Halifax Town,England
23226,Leamington FC,England
2964,Scunthorpe United,England
3052,Sutton United,England
3613,Chester City (diss.),England
9607,Harlow Town,England
9250,Chelsea FC U23,England
1132,Burnley FC,England
10956,Staines Town FC,England
12020,Harrogate Town,England
31367,Chester FC,England
164,Blackburn Rovers,England
12804,Crewe Alexandra U18,England
1027,Bradford City,England
26122,Banbury United,England
12869,Nantwich Town FC,England
38632,Ashington AFC,England
8813,Barton Rovers,England
631,Chelsea FC,England
6684,Gainsborough Trinity,England
1072,Peterborough United,England
3696,Dagenham & Redbridge FC,England
22673,Bridlington Town FC,England
10732,Watford FC U18,England
8981,Bromley FC,England
1218,Torquay United FC,England
6920,Everton FC U18,England
352,Swindon Town,England
7047,Maidstone United,England
703,Nottingham Forest,England
22552,Whitehawk FC,England
3822,Weymouth FC,England
2413,Bury FC,England
466,Preston North End,England
3879,Leek Town FC,England
10717,Histon FC,England
2288,Swansea City,England
3698,Chelmsford City,England
180,Southampton FC,England
24219,Stoke City U21,England
11177,Fleetwood Town,England
11438,Harrow Borough FC,England
6169,Dulwich Hamlet FC,England
9837,Redditch United,England
10391,Eastleigh FC,England
350,Sheffield United,England
6697,Preston North End U18,England
3825,Kettering Town,England
3688,Accrington Stanley,England
10002,Derby County U18,England
3867,Boreham Wood FC,England
2454,Doncaster Rovers,England
68006,Hadley FC,England
6939,Portsmouth FC U18,England
873,Crystal Palace,England
990,Coventry City,England
11179,Halesowen Town,England
3716,Newport County,England
355,Bolton Wanderers,England
512,Stoke City,England
20429,Burscough FC,England
11,Arsenal FC,England
281,Manchester City,England
22687,Stourbridge FC,England
8820,Hampton & Richmond Borough,England
3684,Stevenage FC,England
9267,West Ham United U23,England
3820,Mansfield Town,England
9254,Tottenham Hotspur U21,England
3055,Basingstoke Town,England
1302,Northampton Town,England
12801,Wolverhampton Wanderers U18,England
4282,Hyde United FC,England
984,West Bromwich Albion,England
3536,Rushden & Diamonds (liq.),England
2262,Plymouth Argyle,England
1198,Lincoln City,England
6930,Manchester City U18,England
35348,Newcastle Town FC,England
989,AFC Bournemouth,England
6340,Braintree Town,England
9955,West Ham United U18,England
22771,Guisborough Town FC,England
10895,Buxton FC,England
641,Middlesbrough FC,England
1237,Brighton & Hove Albion,England
6932,Charlton Athletic U18,England
33774,Rugby Town FC,England
1089,Darlington FC (liq.),England
1195,Kidderminster Harriers,England
16277,Bury FC U18,England
1020,Portsmouth FC,England
10161,Leeds United U18,England
1211,Port Vale FC,England
3724,Hednesford Town,England
4310,Blyth Spartans AFC,England
1181,Blackpool FC,England
762,Newcastle United,England
1123,Norwich City,England
3053,Northwich Victoria,England
405,Aston Villa,England
9262,Fulham FC U23,England
3884,AFC Wimbledon,England
3717,Aldershot Town,England
9252,Liverpool FC U23,England
1112,Wrexham AFC,England
1148,Brentford FC,England
1088,Rochdale AFC,England
3685,Grays Athletic FC,England
3694,AFC Telford United,England
9261,Everton FC U21,England
4079,Vauxhall Motors FC,England
46959,FC Brentford U21,England
17980,Hemel Hempstead Town,England
11927,Burgess Hill Town,England
13575,Folkestone Invicta,England
6943,Newcastle United U18,England
289,Sunderland AFC,England
358,Charlton Athletic,England
4080,Workington AFC,England
9829,Southport FC,England
1034,Grimsby Town,England
11143,Bishop's Stortford FC,England
6933,Aston Villa U18,England
6918,Chelsea FC U18,England
3454,Kingstonian FC,England
2797,Gravesend and Northfleet FC,England
1219,Chesterfield FC,England
2814,Gillingham FC,England
7454,Welling United,England
34888,Salford City,England
1035,Sheffield Wednesday,England
6699,Exeter City,England
29842,Concord Rangers ,England
23070,Stalybridge Celtic FC II,England
18258,Exeter City U18,England
2455,Bristol Rovers,England
1078,Oldham Athletic,England
5242,Manchester United U18,England
399,Leeds United,England
3455,Forest Green Rovers ,England
22,Derby County,England
3936,Dover Athletic,England
2796,Woking FC,England
3371,Cheltenham Town,England
6949,Blackburn Rovers U18,England
899,Walsall FC,England
62966,Halifax Town (liq.),England
1074,Tranmere Rovers,England
31,Liverpool FC,England
3803,Mérida UD,Spain
3709,Getafe CF,Spain
1176,Racing Ferrol,Spain
5650,Pontevedra CF,Spain
8678,UDA Gramenet,Spain
4054,Orihuela CF,Spain
11000,CD Lugo,Spain
3239,Unió Esportiva Lleida,Spain
26007,Olímpic Xàtiva,Spain
4050,Écija Balompié,Spain
3708,Barakaldo CF ,Spain
8519,Sevilla FC B,Spain
2296,CD Numancia,Spain
131,FC Barcelona,Spain
8733,Celta Vigo B,Spain
16683,UD Fuerteventura,Spain
418,Real Madrid,Spain
12605,Real Balompédica Linense,Spain
26132,UE Llagostera,Spain
13805,Benidorm CD,Spain
11603,RC Deportivo B,Spain
21122,CD Móstoles URJC,Spain
13244,Utebo FC,Spain
16540,CD Villanueva,Spain
7078,Real Valladolid B,Spain
2929,CD Toledo,Spain
12361,Marbella FC,Spain
21146,UD Fuengirola,Spain
16775,UD Alzira,Spain
14321,FC Barcelona U17,Spain
6688,Bilbao Athletic,Spain
2687,Cádiz CF,Spain
11448,CD Colonia Ofigevi,Spain
11593,CA River Ebro,Spain
9899,Real Sociedad B,Spain
12822,CD Dénia,Spain
13242,CD Puertollano,Spain
1049,Valencia CF,Spain
42039,Salamanca CF UDS,Spain
4053,Ciudad Murcia,Spain
11245,UD San Sebastián de los Reyes,Spain
2855,SD Compostela,Spain
10907,Zamora CF,Spain
12502,Alicante CF,Spain
14707,Real Oviedo Vetusta,Spain
16646,UP Langreo,Spain
6638,CF Badalona,Spain
16795,Granada CF,Spain
993,Córdoba CF,Spain
20844,Real Avilés CF,Spain
12588,Gimnástica Torrelavega,Spain
29733,SD Leioa,Spain
33600,Huracán Valencia CF,Spain
13225,CF Reus Deportiu,Spain
16731,Torredonjimeno CF,Spain
5649,Málaga CF B,Spain
8384,Real Zaragoza B,Spain
648,CD Tenerife,Spain
13241,UD Ibiza,Spain
11615,CD Guijuelo,Spain
1084,Málaga CF,Spain
18446,CF Peralada-Girona B,Spain
11642,Villajoyosa CF,Spain
11422,CE Sabadell,Spain
15447,Ontinyent CF,Spain
4032,SD Ponferradina,Spain
12351,CD Linares,Spain
237,RCD Mallorca,Spain
18166,Jerez CF,Spain
1536,Burgos CF,Spain
12405,Real Unión Club,Spain
6609,UD Lanzarote,Spain
13226,Caudal Deportivo,Spain
368,Sevilla FC,Spain
16733,UE Castelldefels,Spain
17787,CF Gimnástico Alcázar,Spain
11972,Villarreal CF B,Spain
472,UD Las Palmas,Spain
2502,CD Castellón,Spain
11516,Levante UD B,Spain
666,Real Jaén CF,Spain
1881,Terrassa FC,Spain
16557,Logroñés CF,Spain
13,Atlético Madrid,Spain
13222,CD Mirandés,Spain
21550,Granada CF B,Spain
13243,Universidad de Las Palmas,Spain
12666,Atlético Madrid C,Spain
16640,Club Rápido de Bouzas,Spain
621,Athletic Bilbao,Spain
606,Club Polideportivo Ejido,Spain
4030,CD Calahorra,Spain
367,Rayo Vallecano,Spain
171,Real Murcia CF,Spain
16576,CD Guadalajara,Spain
10496,UD Vecindario,Spain
1087,UD Salamanca,Spain
1534,Aurrera de Vitoria,Spain
33593,Lleida Esportiu,Spain
13240,Sestao River,Spain
12331,Sporting de Gijón B ,Spain
6767,Real Madrid Castilla,Spain
5648,Gimnàstic de Tarragona,Spain
3010,CF Gavà,Spain
34171,CD Burriana,Spain
8510,Getafe CF B,Spain
2865,Real Betis B,Spain
11590,Gernika Club,Spain
38456,UE Olot,Spain
1050,Villarreal CF,Spain
12853,FC Villarreal C,Spain
16196,UE Cornellà,Spain
940,Celta de Vigo,Spain
49734,FC Jumilla,Spain
11596,AD Alcorcón,Spain
10744,Palamós CF,Spain
236,CD Logroñés,Spain
8568,AD Ceuta,Spain
34559,La Hoya Lorca CF,Spain
2497,Real Oviedo,Spain
897,Deportivo de La Coruña,Spain
19926,CD Lealtad,Spain
20236,Montañeros CF,Spain
12181,San Fernando CD,Spain
2725,CD Ourense,Spain
3302,UD Almería,Spain
8588,CF La Unión,Spain
12567,CD Eldense,Spain
3896,Granada 74 CF,Spain
7972,Lorca Deportiva CF,Spain
366,Real Valladolid CF,Spain
18687,Atlético Baleares,Spain
10773,RCD Espanyol B,Spain
5358,SD Huesca,Spain
11259,CD Alcoyano,Spain
2470,FC Barcelona U19,Spain
24420,UD Logroñés,Spain
2922,CD Onda,Spain
13238,SD Noja,Spain
811,CF Extremadura,Spain
8516,CA Osasuna B,Spain
21402,Zamudio SD,Spain
6689,CF Gandía,Spain
11608,SD Beasain,Spain
13711,Real Madrid U17,Spain
53283,CD El Ejido 2012,Spain
630,Racing Santander,Spain
1532,Albacete Balompié,Spain
13231,Haro Deportivo,Spain
15066,Hércules CF B,Spain
3368,Levante UD,Spain
7971,Hércules CF,Spain
1244,CD Leganés,Spain
714,RCD Espanyol Barcelona,Spain
9666,CD Alcalá,Spain
2868,Real Madrid C,Spain
18457,FE Figueres,Spain
9477,CE L’Hospitalet,Spain
29271,CD Tudelano,Spain
150,Real Betis Balompié,Spain
13237,SD Lemona,Spain
24434,CD Lagun Onak,Spain
16486,CF Fuenlabrada,Spain
142,Real Zaragoza,Spain
12321,Girona FC,Spain
16492,UD Melilla,Spain
6563,Oviedo Astur CF,Spain
24794,Chiclana CF,Spain
134,Xerez CD,Spain
6662,Amurrio Club,Spain
34148,UCAM Murcia CF,Spain
1533,SD Eibar,Spain
331,CA Osasuna,Spain
2448,Sporting Gijón,Spain
2464,FC Barcelona B,Spain
1108,Deportivo Alavés,Spain
3705,Algeciras CF,Spain
16122,Arenas Club,Spain
21568,La Roda CF,Spain
681,Real Sociedad,Spain
13702,CF Rayo Majadahonda,Spain
34119,UD Maracena,Spain
3679,Atlético Madrid B,Spain
7077,FC Cartagena,Spain
29095,Extremadura UD,Spain
17301,CD Ferriolense,Spain
13436,RSD Alcalá,Spain
1531,Elche CF,Spain
16575,SD Amorebieta,Spain
10980,Racing Santander B,Spain
7052,CF Villanovense,Spain
6182,Valencia Mestalla,Spain
46147,CD Barco,Spain
11621,UD Salamanca B,Spain
4542,Cultural Leonesa,Spain
2923,CD Badajoz,Spain
8494,RCD Mallorca B,Spain
14963,AD Adra Milenaria,Spain
2867,Recreativo Huelva,Spain
12868,Universidad Saragossa,Spain
11915,Llanelli AFC,Wales
603,Cardiff City,Wales
23088,Airbus UK Broughton FC,Wales
12566,Carmarthen Town AFC,Wales
22461,Caernarfon Town,Wales
3649,Bangor City FC,Wales
24530,Neath FC,Wales
3937,FC Merthyr Town,Wales
1112,Wrexham AFC,Wales
1115,Barry Town,Wales
27843,Bala Town FC,Wales
29793,Cardiff City U23,Wales
2288,Swansea City,Wales
11466,RUFC Calais,France
23360,UF Maconnais,France
3524,Clermont Foot Auvergne 63,France
10774,S. O. Châtellerault,France
494,Sporting Toulon Var,France
1424,Association sportive de Valence ,France
244,Olympique Marseille,France
1774,FC Mulhouse 2000,France
8241,SC Schiltigheim,France
49247,JS Saint-Jean Beaulieu,France
21687,UJA Maccabi Paris Métropole,France
10872,FC Girondins Bordeaux B,France
8158,OGC Nice B,France
3912,GSI Pontivy,France
1377,OC Vannes,France
55366,SC Bocognano Gravona,France
10820,AJ Auxerre B,France
18015,Nîmes Olympique B,France
969,HSC Montpellier,France
15439,AC Le Havre B,France
1082,LOSC Lille,France
2067,US Créteil-Lusitanos,France
3166,Pau FC,France
8705,AS Moulins,France
17768,AS Lyon-Duchère,France
5407,Sports Réunis Colmar,France
9202,USL Dunkerque,France
1164,Le Mans Union Club 72,France
1080,Stade Laval,France
63319,Pleudihen-sur-Rance,France
2967,Besançon Racing Club ,France
18546,CS Louhans-Cuiseaux B,France
8728,Aviron Bayonnais,France
18633,FC Villefranche-Beaujolais,France
9881,Jura Sud Foot,France
855,EA Guingamp,France
1397,FC Gueugnon,France
2968,FC Libourne-Saint-Seurin,France
595,SC Bastia,France
7722,Fontenay-Foot-Vendée,France
6326,Paris Saint-Germain U19,France
11273,Rodez AF,France
3520,FC Sète 34,France
1564,FC Rouen 1899,France
7714,Olympique Noisy-le-Sec,France
12761,LB Châteauroux B,France
30891,Tarbes Pyrénées Football,France
38673,Paris FC B,France
26119,GS Consolat Marseille,France
1158,FC Lorient,France
1423,Valenciennes FC ,France
16662,FC Lorient B,France
3559,Toulouse Fontaines Club,France
12764,Olympique Lyon B,France
12745,AS Saint-Étienne U19,France
3911,Stade Brest 29,France
619,CS Louhans-Cuiseaux 71,France
16672,SCO Angers B,France
3546,Thouars Foot 79,France
2972,FC Bourg-Péronnas,France
10841,AS Nancy-Lorraine U19,France
29994,Gallia Club Lunel,France
8512,FC Paris Saint-Germain B,France
3318,Racing Club de France football Colombes 92,France
3525,SO Cholet,France
290,AJ Auxerre,France
10825,FC Sochaux-Montbéliard B,France
3161,Tours FC,France
11300,Athlétic Club Arlésien,France
30370,RCO Agde,France
32780,Football Club Calvi,France
1162,SM Caen,France
2975,Tourcoing FC,France
12824,SC Feignies,France
10880,CS Sedan-Ardennes B,France
8524,Olympique de Marseille B,France
10855,Stade Raphaëlois,France
6763,Club Mantois 78,France
618,AS Saint-Étienne,France
1421,Stade Reims,France
1416,SC Amiens,France
2969,FCO Dijon,France
415,FC Toulouse,France
273,Stade Rennais FC,France
1161,FC Chamois Niort,France
30444,Vendée Luçon Football,France
10868,US Orléans 45,France
25638,SR Saint-Dié,France
2580,FC Istres Ville Nouvelle ,France
26871,US Avranches,France
2257,ES Wasquehal,France
17115,USON Mondeville,France
750,FC Sochaux-Montbéliard,France
7124,US Quevilly-Rouen Métropole,France
417,OGC Nice,France
895,AS Cannes,France
14520,AFC Compiègne,France
1154,Red Star FC 93,France
30204,Annecy FC,France
5310,Villemomble Sports,France
30156,US Changéenne,France
7882,US Raon-l'Étape,France
2618,Olympique Alès,France
16087,Football Club de Vesoul,France
20035,AS Vitré,France
9902,Le Poiré-sur-Vie VF,France
5659,US Ivry,France
6919,FC Bassin d'Arcachon,France
995,FC Nantes,France
11294,CSO Amneville,France
2602,INF Clairefontaine,France
30612,US Saint-Malo,France
1170,FC Dieppe,France
10840,AS Nancy-Lorraine B,France
667,RC Strasbourg Alsace,France
12770,SM Caen B,France
15050,FC Drouais,France
28559,CA Bastia,France
26598,FC Trélissac,France
7717,FC Issy,France
347,FC Metz,France
3541,La Roche Vendée Football,France
16663,FC Valenciennes B,France
1290,Grenoble Foot 38,France
1160,Nîmes Olympique,France
5086,SO Romorantin,France
10838,SAS Epinal,France
30267,ES Pennoise,France
26197,US Colomiers,France
1041,Olympique Lyon,France
10004,Paris FC,France
583,Paris Saint-Germain,France
3135,AS Beauvais Oise,France
14201,US Marseille Endoume,France
30443,Monts d'Or Azergues Foot,France
10850,FC Nantes B,France
8152,RC Lens B,France
3915,AS Angoulême Charente 92,France
3558,GFC Ajaccio,France
23212,Rapid de Menton,France
14171,FC Évian Thonon Gaillard,France
5773,AS Cherbourg,France
17707,US Jeanne d'Arc Carquefou,France
11367,US Alençon,France
1147,AC Ajaccio,France
8950,Perpignan Football Catalan,France
30200,Fréjus-Saint-Raphaël FC,France
10876,FC Gap Hautes Alpes,France
7968,Racing Strasbourg B,France
21688,US Concarneau,France
162,AS Monaco,France
8178,Entente SSG,France
40,FC Girondins Bordeaux,France
7042,US Boulogne,France
1165,FC Martigues,France
25033,AS Marck,France
1081,CS Sedan-Ardennes,France
7875,LOSC Lille U19,France
2978,US Lusitanos Saint-Maur,France
42614,La Suze-sur-Sarthe FC,France
16671,SC Amiens B,France
56729,TVEC Les Sables,France
30157,AS Cagnes-Le Cros Football,France
12278,AC Le Havre U19,France
1159,AS Nancy-Lorraine,France
16674,Stade Brest 29 B,France
12748,EA Guingamp B,France
9569,SC Balma,France
37028,FC Cournon-d'Auvergne,France
13523,Les Herbiers VF,France
27695,Stade Auxerre,France
5313,Vauban Strasbourg,France
17130,AS Saint-Priest,France
10874,Stade Bordelais,France
33380,TF Croix Daurade,France
7670,SO Cassis Carnoux,France
17131,ASM Belfort,France
1095,ES Troyes AC,France
43543,AS Fabrègues,France
738,AC Le Havre,France
1420,SCO Angers,France
8515,AS Saint-Étienne B,France
25267,US Le Pontet,France
826,RC Lens,France
23206,Entente sportive Uzès Pont du Gard,France
25637,SO Chambéry,France
28334,Bergerac Périgord FC,France
11204,Stade Reims B,France
8154,FC Stade Rennes B,France
16668,Grenoble Foot 38 B,France
10407,Luzenac AP,France
7671,USC Corte,France
1175,LB Châteauroux,France
6639,AC Cambrai,France
26571,US Sarre-Union,France
10867,FC Béziers Méditerranée,France
1270,Dunfermline Athletic FC,Scotland
2578,St. Johnstone FC,Scotland
987,Motherwell FC,Scotland
2451,Inverness Caledonian Thistle FC,Scotland
2759,Ross County FC,Scotland
43,Heart of Midlothian FC,Scotland
9562,Petershill FC,Scotland
1191,Falkirk FC,Scotland
2999,Hamilton Academical FC,Scotland
2575,Clyde FC,Scotland
3020,Alloa Athletic FC,Scotland
3029,Gretna FC (aufgel.),Scotland
1192,Ayr United FC,Scotland
124,Rangers FC,Scotland
2760,Partick Thistle FC ,Scotland
1241,Livingston FC,Scotland
2802,Airdrie United FC,Scotland
1519,Dundee United FC,Scotland
24574,Gretna FC 2008,Scotland
371,Celtic FC,Scotland
511,Dundee FC,Scotland
2795,Raith Rovers FC,Scotland
3021,Arbroath FC,Scotland
370,Aberdeen FC,Scotland
2553,Kilmarnock FC,Scotland
3024,East Fife FC,Scotland
903,Hibernian FC,Scotland
3033,Stirling Albion FC,Scotland
465,St. Mirren FC,Scotland
3015,Annan Athletic FC ,Scotland
23956,Airdrieonians (liq.),Scotland
1029,Club Atlético Vélez Sarsfield,Argentina
1030,Asociación Atlética Argentinos Juniors,Argentina
2063,Club Atlético Huracán,Argentina
1826,Quilmes Atlético Club,Argentina
4673,Arsenal Fútbol Club,Argentina
1234,Club Atlético Independiente,Argentina
1829,Instituto AC Córdoba,Argentina
14977,Club Almagro,Argentina
1775,Club Atlético San Lorenzo de Almagro,Argentina
14837,Club Atlético River Plate II,Argentina
13651,Club Atlético San Telmo,Argentina
288,Club Estudiantes de La Plata,Argentina
3938,Club Atlético Talleres,Argentina
7097,Club Atlético Unión (Santa Fe),Argentina
10902,Club P.E.F. Matienzo,Argentina
10511,Club Atlético San Martín (SJ),Argentina
15414,Sportivo Belgrano (San Francisco),Argentina
1106,Club de Gimnasia y Esgrima La Plata,Argentina
7468,Club Olimpo,Argentina
11831,Club Atlético Tigre,Argentina
14831,Club Atlético Boca Juniors II,Argentina
14690,La Plata Futbol Club,Argentina
12574,Club Deportivo Godoy Cruz Antonio Tomba,Argentina
9645,CA Tiro Federal,Argentina
830,Club Atlético Banfield,Argentina
10233,Atlético de Rafaela,Argentina
15100,Asociación Atlética Argentinos Juniors U20,Argentina
2417,Club Atlético Belgrano,Argentina
209,Club Atlético River Plate,Argentina
1286,Club Atlético Newell's Old Boys,Argentina
14400,Huracan de Tres Arroyos,Argentina
15115,Club Estudiantes de La Plata U20,Argentina
12100,CA All Boys Buenos Aires,Argentina
4557,Club Ferro Carril Oeste,Argentina
1418,Club Atlético Rosario Central,Argentina
2402,Defensa y Justicia,Argentina
333,Club Atlético Lanús,Argentina
12672,Club Almirante Brown,Argentina
2154,Club Atlético Chacarita Juniors,Argentina
12458,CD Morón,Argentina
1070,Club Atlético Colón,Argentina
10534,Nueva Chicago,Argentina
189,Club Atlético Boca Juniors,Argentina
1444,Racing Club,Argentina
27221,Al-Fateh,Saudi Arabia
8023,Al-Ittihad Jeddah,Saudi Arabia
18544,Al-Nassr FC,Saudi Arabia
9840,Al-Shabab Riyadh,Saudi Arabia
7732,Al-Ettifaq,Saudi Arabia
18935,Al-Watani,Saudi Arabia
1114,Al-Hilal Riyadh,Saudi Arabia
22381,Al-Raed,Saudi Arabia
18487,Al-Ahli Jeddah,Saudi Arabia
119,Maccabi Tel Aviv,Israel
3793,Beitar Jerusalem,Israel
20857,Hapoel Raanana,Israel
1017,Hapoel Tel Aviv,Israel
3785,Maccabi Petah Tikva,Israel
6105,FC Ashdod,Israel
1064,Maccabi Haifa,Israel
810,Hapoel Haifa,Israel
6028,Ironi Kiryat Shmona,Israel
5223,Maccabi Netanya,Israel
38322,AC Bra,Italy
22185,Crociati Noceto,Italy
30058,AC Nuova Bagnolese,Italy
47264,Vallicisa 2000 Gs Succisa,Italy
43388,ASD Genova Calcio,Italy
61818,Atletico Aradeo,Italy
14829,Brescia Primavera,Italy
3037,Calcio Padova,Italy
12944,Sant'Antonio Abate,Italy
8322,Rende Calcio 1968,Italy
10031,Nuorese Calcio,Italy
800,Atalanta BC,Italy
26803,US Carrarese Berretti,Italy
46157,Lentigione Calcio,Italy
22274,Valle d'Aosta Calcio,Italy
22534,SSD Sangiorgese Calcio 1922,Italy
252,Genoa CFC,Italy
5515,Solbiatese Arno Calcio,Italy
4093,Taranto FC 1927,Italy
4061,Vigor Lamezia Calcio,Italy
49430,AZ Picerno,Italy
55093,Sporting Recco,Italy
6574,US Sassuolo,Italy
10670,AS Melfi,Italy
14926,Perugia Primavera,Italy
4562,Aglianese Calcio 1923,Italy
22045,US Latina Calcio,Italy
31267,Luparense FC,Italy
46196,AC Mestre,Italy
11961,FC Aprilia Racing Club,Italy
380,US Salernitana 1919,Italy
10748,US Castelnuovo Garfagnana,Italy
1005,US Lecce,Italy
5174,FC Pavia 1911,Italy
19132,ASD Calcio Pomigliano,Italy
22184,Cremapergo Calcio,Italy
8077,US Vibonese,Italy
39001,MapelloBonate Calcio,Italy
10686,Celano FC Marsica,Italy
26772,ACD Grifoponte Torgiano,Italy
45837,Atletico Uri,Italy
14909,Ascoli Picchio Primavera,Italy
54359,ASD Troina,Italy
26365,Nissa FC,Italy
26370,Pro Vercelli Berretti,Italy
4148,ASDC Borgomanero,Italy
1627,Calcio Catania,Italy
5163,SSD Città di Brindisi,Italy
34913,Calcara Samoggia,Italy
26784,Canavese Youth,Italy
14821,Pisa Berretti,Italy
27518,AS Sestese Juniores,Italy
7207,Vittoria Calcio,Italy
27661,FC Neapolis Mugnano,Italy
26722,FC Fondi 1922,Italy
22197,FC Canavese,Italy
4515,US Poggibonsi,Italy
12863,Siena Berretti,Italy
4086,AS Lodigiani,Italy
22130,Abano Calcio,Italy
8738,AS Pizzighettone,Italy
25008,GS Rondinella Calcio,Italy
34499,US Pianese,Italy
22619,SS Milazzo,Italy
45189,Gsd Castelfidardo Calcio,Italy
8287,AC Belluno 1905,Italy
25218,US Sanvitese,Italy
4097,US Catanzaro,Italy
22257,Orvietana Calcio,Italy
4172,AC Pisa 1909,Italy
20519,Virtus Entella,Italy
4549,US Città di Jesolo,Italy
6089,Casarano Calcio,Italy
22344,ACD Nardò,Italy
46297,ASD Villabiagio,Italy
34347,FC Castiglione,Italy
58696,ASD Ceriale,Italy
26955,USD Olginatese,Italy
35955,ASD Calcio Cerea 1912,Italy
27527,ASD Sporting Terni,Italy
5584,ASD Astrea,Italy
4548,US Ivrea Calcio,Italy
19366,Renato Curi Angolana,Italy
1103,Ternana Calcio,Italy
22275,AS Bisceglie 1913,Italy
41681,Fenegrò,Italy
45792,Ciliverghe Mazzano,Italy
43396,Polisportiva Tirreno,Italy
26201,Ebolitana Calcio 1925,Italy
22277,AC Sambonifacese,Italy
4096,AP Turris Calcio,Italy
44884,AltoVicentino,Italy
51514,Ferrini Cagliari,Italy
21331,AS Pordenone Calcio,Italy
1386,Reggina Calcio,Italy
408,Ascoli Calcio 1898,Italy
44335,Casalgrandese,Italy
27198,ASD HinterReggio Calcio,Italy
22253,Noicattaro Calcio,Italy
54652,Calcio Sandonà,Italy
5179,Brescello Calcio,Italy
19365,Polisportiva Castellarano Calcio,Italy
4326,AS Gubbio 1910,Italy
4541,UC AlbinoLeffe,Italy
1387,AC Siena,Italy
839,AC Perugia,Italy
14160,ASD Boca Pietri Carpi,Italy
36745,AC Tuttocuoio,Italy
2919,Calcio Monza,Italy
41804,US Inveruno,Italy
8380,Cagliese Calcio,Italy
31255,SS Akragas Città dei Templi,Italy
25804,Parma FC Youth,Italy
13285,US Caravaggese,Italy
4254,ASD Real Giulianova,Italy
4082,ASD La Biellese,Italy
22035,Faenza Calcio,Italy
4553,US Pergolettese 1932,Italy
5615,Alma Juventus Fano 1906,Italy
4095,AC Trento ,Italy
9439,Feralpisalò,Italy
34381,US Palestrina 1919,Italy
23377,FC Ponsacco 1920,Italy
4271,US Triestina,Italy
22186,AC Fidenza 1922,Italy
16251,ASD Nocera Umbra,Italy
22063,Castellettese Calcio,Italy
26250,ASD Pro Settimo & Eureka,Italy
22403,SF Aversa Normanna,Italy
13501,Morro d'Oro Calcio,Italy
37463,AC Delta Porto Tolle,Italy
4337,ASD Acireale Calcio,Italy
4361,Varese FC,Italy
1025,Bologna FC 1909,Italy
12130,Torino Primavera,Italy
9353,Cisco Roma,Italy
26969,U.S. Rivignano,Italy
7198,Valenzana Mado SSD,Italy
19128,Associazione Calcio Thiene,Italy
16996,Hellas Verona Primavera,Italy
9826,Olbia Calcio,Italy
4033,Fermana Calcio 1920,Italy
9352,FC Rieti,Italy
22038,Selargius Calcio,Italy
4111,Rimini FC,Italy
32138,Castiadas Calcio 1973,Italy
22231,SS Villacidrese,Italy
416,Torino Calcio,Italy
11493,Palermo Primavera,Italy
27514,AS Castel Rigone,Italy
22409,Cavese Juniores,Italy
10561,VF Colligiana,Italy
1388,Ancona Calcio,Italy
4090,AS Gualdo Casacastalda,Italy
458,US Palermo,Italy
23052,ASD Sarzanese Calcio,Italy
11997,Roma Primavera,Italy
4031,Cosenza Calcio 1914,Italy
10390,Sanremese Calcio,Italy
40813,US Dro,Italy
40192,USD Caravaggio,Italy
5543,Chieti Calcio,Italy
49610,Trastevere Calcio,Italy
48967,Inter Under 17,Italy
2921,Delfino Pescara 1936,Italy
5587,AC Juve Stabia,Italy
2250,AC Prato,Italy
20406,Reggiana Berretti,Italy
1253,AS Lucchese Libertas,Italy
18642,Polisportiva Nuova Campobasso Calcio,Italy
27052,GSD Lascaris,Italy
49939,Virtus Francavilla Calcio,Italy
7169,AC Carpenedolo,Italy
9690,Bassano Virtus 55 ST,Italy
25922,AC Sangiustese,Italy
38720,Unione Fincantieri Monfalcone,Italy
4671,Asdc Verbania,Italy
2239,US Cremonese,Italy
27563,US Borgo a Buggiano 1920,Italy
4104,FC Esperia Viareggio,Italy
22187,USD Breno,Italy
4569,AC Firenze Rondinella,Italy
38479,Real Vicenza VS,Italy
22188,AC Crema 1908,Italy
41506,ASD Valtarese Calcio,Italy
22034,US Civitanovese,Italy
67015,Angelo Baiardo,Italy
27568,US Gavorrano,Italy
10643,AC Bellaria Igea Marina,Italy
46664,Cjarlins Muzane,Italy
22359,Sangimignano Sport,Italy
19114,Sassuolo Primavera,Italy
51857,F.C. Otranto,Italy
10958,Milan Primavera,Italy
4102,Carpi FC 1909,Italy
15374,Portogruaro Calcio ASD,Italy
8970,Frosinone Calcio,Italy
5514,Calcio Lecco 1912,Italy
22057,Arzanese Calcio,Italy
4159,Carrarese Calcio 1908,Italy
9528,AC Montichiari,Italy
1307,US Pistoiese 1921,Italy
11998,Atalanta Primavera,Italy
4170,Vigevano Calcio,Italy
4333,FC Grosseto,Italy
4341,AC Savoia 1908,Italy
6266,Cavese 1919,Italy
22252,Todi Calcio,Italy
41156,Sporting Bellinzago,Italy
22283,Vivi Altotevere Sansepolcro,Italy
43993,ASD Romagna Centro,Italy
34649,GSD RapalloBogliasco,Italy
54230,Madre Pietra Daunia,Italy
862,Chievo Verona,Italy
11337,Foligno Calcio,Italy
8525,Pescara Primavera,Italy
30066,FC Legnago Salus,Italy
4554,FC Südtirol-Alto Adige,Italy
704,Foggia Calcio,Italy
27349,ASD Chieri Calcio,Italy
5585,Barletta 1922,Italy
4147,AS Casale Calcio,Italy
11713,Pomezia Calcio,Italy
50258,Varesina Calcio,Italy
22330,SS Ischia Isolaverde,Italy
14843,Catania Primavera,Italy
4552,AC Palazzolo,Italy
40912,Mariano Keller,Italy
46830,FC Monteponi Iglesias,Italy
26251,US Folgore Caratese,Italy
10348,Gallipoli Football 1909,Italy
33752,Valle Grecanica,Italy
14925,Vicenza Primavera,Italy
1390,Cagliari Calcio,Italy
5243,Parma Primavera,Italy
46,FC Internazionale,Italy
10642,Atessa Val di Sangro,Italy
25737,Virtus Castelfranco,Italy
130,AC Parma,Italy
8505,Fiorentina Primavera,Italy
41146,Clodiense SSD,Italy
6351,Sangiovannese 1927,Italy
32156,CastelnuovoSandrà,Italy
8386,SS Tivoli 1919,Italy
27347,ASD Borgorosso Arenzano,Italy
26345,Taranto Juniores,Italy
2581,AC Mantova 1911,Italy
44326,AC Vigasio,Italy
1210,AS Livorno,Italy
22051,AC Isola Liri,Italy
42308,FC Calvi Noale,Italy
4153,L'Aquila Calcio,Italy
506,Juventus FC,Italy
22338,Terracina Calcio 1925,Italy
19177,Rosetana Calcio,Italy
8675,Cassino Calcio 1924,Italy
50341,USD Grumellese Calcio,Italy
56265,A.C. Calvina Sport,Italy
52900,Chisola Calcio ASD,Italy
43321,USD San Marco Avenza,Italy
6681,Viribus Unitis,Italy
25342,San Nicolò Calcio Teramo,Italy
19168,Città di Gragnano,Italy
12819,Napoli Primavera ,Italy
43309,Colorno Calcio,Italy
19367,SS Tritium 1908,Italy
27683,Vigor Lamezia Youth,Italy
46145,Badesse Calcio,Italy
18950,FC Matera,Italy
5,Milan AC,Italy
12001,Sampdoria Primavera,Italy
13562,Savona FBC,Italy
3512,ASD Castel di Sangro,Italy
13484,ASDC Gozzano,Italy
41756,APD Ribelle 1927,Italy
22227,Borgosesia Calcio,Italy
4028,Avezzano Calcio,Italy
46856,ASD Paternò,Italy
14888,US Città di Pontedera,Italy
1105,Ravenna FC,Italy
2254,AC Pro Sesto,Italy
4114,ASG Nocerina,Italy
13517,US Darfo Boario,Italy
5589,Cuoiopelli Cappiano Romaiano,Italy
1047,Como Calcio,Italy
38290,Pro Piacenza 1919,Italy
41101,Juventus U23,Italy
19171,Sapri Calcio 1928,Italy
2655,Vicenza Calcio,Italy
19109,AC Mezzocorona,Italy
27458,AC Sant'Angelo 1907,Italy
4563,AC Meda 1913,Italy
4171,Benevento Calcio,Italy
4550,Legnano AC,Italy
26780,Prato Youth,Italy
8492,Empoli Primavera,Italy
27472,ASD Villafranca Veronese,Italy
10118,Sorrento 1945,Italy
4324,Imolese Calcio 1919,Italy
430,AC Fiorentina,Italy
22046,Venturina Calcio,Italy
27484,Polisportiva Tamai,Italy
26781,Gubbio Berretti,Italy
22266,ASD OltrepòVoghera,Italy
39711,ACD Campodarsego,Italy
22314,AD Voluntas Spoleto,Italy
40352,Matelica Calcio,Italy
24384,Itala San Marco Gradisca,Italy
12,AS Roma,Italy
38489,Sporting Club Trestina,Italy
8669,Rovigo Calcio,Italy
62346,Sant'Anastasia,Italy
56966,ASD Albissola 2010,Italy
38561,Correggese Calcio 1948,Italy
4331,Trapani Calcio,Italy
46619,ASD Arzignano Valchiampo,Italy
4330,US Sambenedettese,Italy
5177,ACD Trissino Valdagno,Italy
35967,AS Roccella 1935,Italy
410,Udinese Calcio,Italy
22196,Uso Calcio,Italy
10755,Riccione,Italy
32119,SC Vallée d’Aoste,Italy
50547,Sona M. Mazza,Italy
39368,Pinerolo FC,Italy
4163,US Fiorenzuola 1922,Italy
46201,US Belvedere,Italy
28654,USD Novese,Italy
48977,US Levico Terme,Italy
22294,US Viterbese,Italy
4084,AS Cittadella Padova,Italy
29349,Genoa CFC Youth,Italy
14848,Bologna Primavera,Italy
7170,Igea Virtus Barcellona,Italy
38701,NFC Orlandina,Italy
24898,AC Renate,Italy
44223,AS Giana Erminio,Italy
8579,ASD Manfredonia Calcio,Italy
49880,Virtus Volla,Italy
26883,USD Sestri Levante 1919,Italy
4152,AC Voghera,Italy
37882,Aurora Seriate,Italy
5621,AC Reggiana,Italy
398,SS Lazio,Italy
40531,Calcio Valcalepio,Italy
47317,AD Valdinievole Montecatini,Italy
20106,Cesena Primavera,Italy
32013,ASD Lupa Castelli Romani,Italy
8517,Genoa Primavera,Italy
22200,ASD Imperia 1923,Italy
10523,AC Sansovino,Italy
22055,Tolentino Calcio,Italy
21027,A.S.D. Cervia 1920,Italy
19,Brescia Calcio,Italy
22203,AC Giacomense,Italy
27050,Arzachena Costa Smeralda,Italy
31155,ASD Cascina Calcio,Italy
41906,Thermal Abano Teolo,Italy
51017,SSCD Granata 1924,Italy
26097,Gsd Nuova Tor Tre Teste,Italy
27340,Acqui US 1911,Italy
46153,Fabriano Cerreto,Italy
27564,US Forcoli 1921,Italy
1385,Modena FC 2018,Italy
50545,Viareggio 2014,Italy
10959,Udinese Primavera,Italy
41232,La Storta,Italy
27520,ASD Fortis Juventus 1909,Italy
26779,Pavia Juniores,Italy
10707,US Tor di Quinto,Italy
27561,US Adriese 1906,Italy
14891,FBC Saronno 1910,Italy
1104,FC Messina Peloro,Italy
22048,Scafatese Calcio 1922,Italy
27525,Santarcangelo Calcio,Italy
29251,USD Virtusvecomp Verona,Italy
749,FC Empoli,Italy
12820,US Palermo Youth,Italy
50293,ASD DAK,Italy
41692,Ghivizzano Borgo a Mozzano,Italy
17257,FBC Unione Venezia Berretti,Italy
36137,Muravera Calcio,Italy
45347,USD Ciserano,Italy
2722,SP Ars et Labor,Italy
21474,HR Maceratese,Italy
4339,Montevarchi Calcio Aquila 1902,Italy
38391,Fontanafredda,Italy
33734,AC Monopoli,Italy
27531,CarpiBerretti,Italy
4544,AS Sora Calcio,Italy
1408,Piacenza FC,Italy
4106,Casertana FC,Italy
332,FC Bari 1908,Italy
7030,Vis Pesaro dal 1898,Italy
19918,Lecco Giovanili,Italy
4338,Alzano Virescit,Italy
8513,Ternana Primavera,Italy
10155,San Marino Calcio,Italy
25009,ASD Sanluri Calcio,Italy
14847,Treviso Juniores,Italy
26331,Varese Juniores,Italy
4113,US Massese,Italy
46337,Pineto Calcio,Italy
36819,US Agropoli 1921,Italy
22124,Puteolana 1902,Italy
50405,Folgore Veregra,Italy
54316,AS Sasso Marconi,Italy
4083,FC Crotone,Italy
46275,San Teodoro,Italy
19164,AS Real Paganese,Italy
51210,Sant'Omero Palmense,Italy
27643,Ars et Labor Grottaglie,Italy
12446,Sacilese Calcio,Italy
21699,ASD Modica Calcio,Italy
27462,AC Este 1920,Italy
22302,Lupa Frascati,Italy
4255,AC Arezzo,Italy
6195,SSC Napoli,Italy
29434,Reggiana Giovanili,Italy
50358,ASD Lanusei Calcio,Italy
12816,Lazio Primavera,Italy
4167,USD 1913 Seregno Calcio,Italy
54354,Union Feltre,Italy
38993,SSD Argentina Arma,Italy
31175,Galbiatese Oggiono,Italy
8373,Città di Siracusa,Italy
27613,Santegidiese Calcio,Italy
4087,Atletico Catania,Italy
5380,Inter Milan Primavera,Italy
11483,FC Vado Ligure,Italy
1448,Poggese Calcio,Italy
35586,Pierantonio Calcio,Italy
27662,FC Sambiase Calcio,Italy
22303,Potenza Youth,Italy
14893,Spezia Primavera,Italy
2251,ACD Treviso,Italy
34543,ACD Asti Calcio,Italy
276,Hellas Verona,Italy
45353,Sassari Latte Dolce,Italy
56059,ASD Voltrese Vultur,Italy
1429,AC Cesena,Italy
22251,Santa Lucia,Italy
24361,Alghero 1945,Italy
28078,Boca San Lazzaro,Italy
27623,Latina Primavera,Italy
26789,US Pro Vercelli,Italy
22709,SSD Cynthia 1920,Italy
3522,Spezia Calcio,Italy
27590,ASD Morolo Calcio,Italy
6692,Novara Calcio 1908,Italy
7409,ASD Vastese Calcio 1902,Italy
11008,Juventus Primavera,Italy
54536,ASD Nibbiano & Valtidone,Italy
5180,Narnese Calcio,Italy
4103,AC Lumezzane,Italy
2721,US Alessandria Calcio,Italy
54575,AC Fanfulla 1874,Italy
56319,A.C. Garda,Italy
27001,AC Sporting Cecina,Italy
5618,Lecce Primavera,Italy
4085,AS Fidelis Andria,Italy
22204,Derthona FBC,Italy
20968,F.S. Sestrese Calcio 1919,Italy
4146,Pro Patria Gallaratese GB,Italy
8304,Città di Gela ,Italy
9818,SSC Giugliano,Italy
52420,USCD Bardolino Calcio 1946,Italy
1415,Teramo Calcio,Italy
31044,Cuoiovaldarno,Italy
51031,Polisportiva Bucinese,Italy
19176,Eretum Monterotondo,Italy
27049,CS Scandicci 1908,Italy
26860,SC Caronnese,Italy
53537,Rignanese Calcio,Italy
18938,AS Calcio Figline,Italy
14968,Salernitana Primavera,Italy
54318,US Real Forte Querceta,Italy
22556,Calcio Montebelluna 1909,Italy
28904,AC Bastia 1924,Italy
34138,AC Loanesi San Francesco,Italy
9228,AS Castelnuovo,Italy
54498,Sicula Leonzio,Italy
14694,Como Berretti,Italy
4558,AC Martina 1947,Italy
48933,USD Scanzorosciate,Italy
22258,USD Lavagnese 1919,Italy
32135,AC Formigine,Italy
1038,UC Sampdoria,Italy
2331,US Avellino,Italy
4150,AC Cuneo 1905,Italy
46933,Castelvetro Calcio,Italy
26340,Paganese Berretti,Italy
4718,SS Virtus Lanciano,Italy
50100,SC Ligorna 1922,Italy
22317,Foligno Juniores,Italy
49933,ASD Bustese 1963,Italy
607,AC Venezia 1907,Italy
2253,SEF Torres 1903,Italy
5591,San Giuseppe,Italy
9816,Forlì FC,Italy
22333,AC Ponte San Pietro-Isola,Italy
31121,US Canzese,Italy
22041,AS Pescina Valle del Giovenco,Italy
39818,San Donato Tavarnelle,Italy
51510,ASD Comprensorio Casalnuovese,Italy
19169,Internapoli Camaldoli,Italy
7197,Potenza Calcio,Italy
27543,Rosignano Sei Rose,Italy
3930,Bray Wanderers,Ireland
3258,Shamrock Rovers,Ireland
4286,Limerick FC,Ireland
6142,Cherry Orchard FC,Ireland
18232,Sporting Fingal,Ireland
3909,Shelbourne FC,Ireland
4277,Drogheda United FC,Ireland
6069,University College Dublin,Ireland
26765,Wexford FC,Ireland
7609,Waterford FC,Ireland
42394,Galway United FC,Ireland
6065,Cork City FC (diss. 2009),Ireland
14814,Monaghan United FC,Ireland
1189,St. Patricks Athletic,Ireland
920,Derry City,Ireland
27774,Cork City FC,Ireland
9211,Bohemian Football Club Dublin,Ireland
9212,Galway United FC (liq. 2011),Ireland
4287,Longford Town FC,Ireland
15288,Home Farm,Ireland
6066,Dundalk FC,Ireland
8780,Sligo Rovers,Ireland
15265,St. Josephs Boys,Ireland
21852,Bluebell United AFC,Ireland
6064,Belvedere FC,Ireland
6614,SVV Scheveningen,Netherlands
306,SC Heerenveen,Netherlands
317,FC Twente Enschede,Netherlands
1268,ADO Den Haag,Netherlands
132,NAC Breda,Netherlands
1434,Stormvogels Telstar,Netherlands
1090,AZ Alkmaar,Netherlands
2824,Ajax Amsterdam U19,Netherlands
404,FC Den Bosch,Netherlands
384,MVV Maastricht,Netherlands
19231,HBS Craeyenhout,Netherlands
18026,FC Twente Enschede U21,Netherlands
723,Almere City FC,Netherlands
468,Sparta Rotterdam,Netherlands
499,Vitesse Arnhem,Netherlands
200,FC Utrecht,Netherlands
192,Roda JC Kerkrade,Netherlands
500,Helmond Sport,Netherlands
1269,PEC Zwolle,Netherlands
383,PSV Eindhoven,Netherlands
14725,FC Groningen U21,Netherlands
1426,VVV-Venlo,Netherlands
798,SBV Excelsior Rotterdam,Netherlands
467,NEC Nijmegen,Netherlands
1227,RBC Roosendaal,Netherlands
1389,AGOVV Apeldoorn,Netherlands
51654,Feyenoord U17,Netherlands
234,Feyenoord Rotterdam,Netherlands
4779,SC Heerenveen U19,Netherlands
52068,Ajax U18,Netherlands
4857,De Tubanters 1897,Netherlands
202,FC Groningen,Netherlands
1284,SC Veendam,Netherlands
8817,Ajax Amsterdam U21,Netherlands
3892,FC Eindhoven,Netherlands
235,RKC Waalwijk,Netherlands
9715,PSV Eindhoven U21,Netherlands
4575,PSV Eindhoven U19,Netherlands
643,Haarlem,Netherlands
1304,Heracles Almelo,Netherlands
610,Ajax Amsterdam,Netherlands
2711,ASC De Volewijckers,Netherlands
1455,FC Dordrecht,Netherlands
385,Fortuna Sittard,Netherlands
133,SC Cambuur-Leeuwarden,Netherlands
403,Willem II Tilburg,Netherlands
1435,Go Ahead Eagles Deventer,Netherlands
642,De Graafschap Doetinchem,Netherlands
724,FC Volendam,Netherlands
585,São Paulo Futebol Clube,Brazil
874,Ipiranga Futebol Clube (MG),Brazil
12583,Iraty Sport Club (PR),Brazil
2035,Avaí Futebol Clube (SC),Brazil
9231,Veranópolis Esporte Clube (RS),Brazil
10969,Villa Rio Esporte Clube (RJ),Brazil
15172,AC Goianiense (GO),Brazil
7178,Criciúma Esporte Clube,Brazil
3266,Sport Club Corinthians Alagoano,Brazil
3270,Ipatinga Futebol Clube,Brazil
1755,Guarani Futebol Clube (SP),Brazil
10492,Esporte Clube Juventude,Brazil
4773,Ituano Futebol Clube (SP),Brazil
10010,Esporte Clube Bahia,Brazil
537,Botafogo Rio de Janeiro,Brazil
291,AD São Caetano (SP),Brazil
9030,Botafogo Futebol Clube (SP),Brazil
14704,Grêmio Foot-Ball Porto Alegrense B,Brazil
27288,EC Pelotas (RS),Brazil
10247,Associação Portuguesa de Desportos (SP) ,Brazil
309,Paraná Clube,Brazil
2125,Esporte Clube Vitória,Brazil
1278,União Agrícola Barbarense FC (SP),Brazil
15925,Uberaba Sport Club (MG),Brazil
11900,Mixto Esporte Clube (MT),Brazil
1784,Mogi Mirim Esporte Clube (SP),Brazil
609,Cruzeiro Esporte Clube,Brazil
16658,Cruzeiro Esporte Clube B,Brazil
16083,Grêmio Osasco Audax (SP),Brazil
8433,Esporte Clube São Bento (SP),Brazil
7014,Sociedade Esportiva do Gama (DF),Brazil
2462,Fluminense Football Club,Brazil
10997,Clube do Remo (PA),Brazil
21506,Junior Team Futebol (PR),Brazil
978,Club de Regatas Vasco da Gama,Brazil
22013,Desportiva Ferroviária (ES),Brazil
8652,Comercial Futebol Clube (SP),Brazil
199,Sport Club Corinthians Paulista,Brazil
3876,Mirassol Futebol Clube (SP),Brazil
23002,Campinas Futebol Clube (SP),Brazil
15002,Clube de Regatas do Flamengo U20,Brazil
32405,Nacional Esporte Clube Ltda. (MG),Brazil
17300,Desportivo Brasil Ltda (SP),Brazil
17659,Esporte Clube Juventude B,Brazil
15036,Club de Regatas Vasco da Gama U17,Brazil
15656,Duque de Caxias Futebol Clube (RJ),Brazil
16651,Associação Portuguesa de Desportos (SP) B,Brazil
11738,J.Malucelli Futebol,Brazil
9141,S.E.R. Caxias do Sul (RS),Brazil
1751,América Futebol Clube (RN),Brazil
776,Coritiba Foot Ball Club,Brazil
7478,Esporte Clube Santo André (SP),Brazil
679,Atlético Paranaense,Brazil
12602,Clube Recreativo e Atlético Catalano (GO),Brazil
1693,Londrina Esporte Clube (PR),Brazil
9540,Santos FC U20,Brazil
22781,Associação Atlética Iguaçu (PR),Brazil
35388,Ríver Atlético Clube (PI),Brazil
1023,Sociedade Esportiva Palmeiras,Brazil
1019,Prudentópolis Esporte Clube (PR),Brazil
16220,Resende Futebol Clube (RJ),Brazil
52519,Barra Futebol Clube (SC),Brazil
22878,Rio Branco Esporte Clube (SP),Brazil
15083,Sport Club Internacional U20,Brazil
1134,Associação Atlética Ponte Preta,Brazil
22149,Associação Maga Esporte Clube (SC),Brazil
10871,Rio Branco Football Club (AC),Brazil
6600,Sport Club Internacional,Brazil
9138,América Football Club (RJ),Brazil
8793,Clube Atlético Bragantino (SP),Brazil
15055,Figueirense Futebol Clube U17,Brazil
20132,Clube Atlético Linense (SP),Brazil
7057,Associação Atlética Portuguesa (SP),Brazil
8144,Clube Atlético Juventus (SP),Brazil
12523,Adap Galo Maringá Football Club (PR),Brazil
4064,Figueirense Futebol Clube,Brazil
330,Clube Atlético Mineiro,Brazil
614,Clube de Regatas do Flamengo,Brazil
32650,AAD Vitória das Tabocas (PE),Brazil
8718,Sport Club do Recife,Brazil
31843,Clube Esportivo Lajeadense (RS),Brazil
221,Santos FC,Brazil
8698,Grêmio Barueri Futebol Ltda.,Brazil
9140,Catuense Futebol (BA),Brazil
3197,Goiás Esporte Clube,Brazil
5120,América Futebol Clube (SP),Brazil
16656,Clube Atlético Paranaense B,Brazil
2029,Ceará Sporting Club,Brazil
1442,Rio Claro Futebol Clube (SP),Brazil
1785,Santa Cruz Futebol Clube (PE),Brazil
17776,Associação Chapecoense de Futebol,Brazil
15466,Sport Club Internacional B,Brazil
14708,FC São Paulo B,Brazil
28546,Monte Alegre Futebol Clube (SP),Brazil
210,Grêmio Foot-Ball Porto Alegrense,Brazil
3319,Sampaio Corrêa Futebol Clube (MA),Brazil
734,União São João Esporte Clube (SP),Brazil
10857,Paulista Futebol Clube (SP),Brazil
4907,Madureira Esporte Clube (RJ),Brazil
15064,Guaratinguetá Futebol Ltda. (SP),Brazil
3973,Brasiliense FC (DF),Brazil
2646,Clube Náutico Capibaribe,Brazil
21842,Aparecida Esporte Clube (GO),Brazil
17299,Atlético Clube Paranavaí (PR),Brazil
3234,Tombense Futebol Clube (MG),Brazil
2977,KSV Roeselare,Belgium
2180,AA La Louviere,Belgium
8164,Standard Liège U19,Belgium
601,KV Kortrijk,Belgium
6640,Club Bruges U19,Belgium
6342,White Star Brüssel,Belgium
968,KVC Westerlo,Belgium
3736,KSK Ronse,Belgium
3494,KRC Genk U19,Belgium
24394,Standard Liège Reserves,Belgium
1411,RAEC Mons,Belgium
29228,Royal Excel Mouscron ,Belgium
3159,RFC Lüttich,Belgium
52545,KVC Westerlo Reserve,Belgium
3772,AFC Tubize,Belgium
204,Lierse SK,Belgium
498,KSC Lokeren,Belgium
3945,Sprimont Comblain Sport,Belgium
157,KAA Gent,Belgium
1184,KRC Genk,Belgium
3172,CS Visé,Belgium
2478,KRC Harelbeke,Belgium
2715,RFC Seraing,Belgium
3508,SV Zulte Waregem,Belgium
10459,Standard Liège Youth,Belgium
1111,KSC Eendracht Aalst,Belgium
475,Sint-Truidense VV,Belgium
43560,Club Brugge U21,Belgium
9010,FCV Dender EH,Belgium
2861,KV Oostende,Belgium
3948,Royale Union Saint Gilloise,Belgium
3134,KFC VW Hamme,Belgium
1433,Excelsior Mouscron,Belgium
354,KV Mechelen,Belgium
2282,Club Brugge KV,Belgium
10107,UR La Louvière Centre,Belgium
1199,Royal Excelsior Virton,Belgium
1073,KSK Beveren,Belgium
566,Germinal Beerschot Antwerpen,Belgium
2727,Oud-Heverlee Leuven,Belgium
718,KFC Lommel SK,Belgium
520,Cercle Brugge ,Belgium
2974,Royal Francs Borains,Belgium
58,RSC Anderlecht,Belgium
1245,KAS Eupen,Belgium
172,RSC Charleroi,Belgium
3225,K Patro Maasmechelen,Belgium
3751,RFC Tournai,Belgium
3898,KFC Strombeek,Belgium
3057,Standard Liège,Belgium
28643,Waasland-Beveren,Belgium
3038,RSC Anderlecht U19,Belgium
1096,Royal Antwerp FC,Belgium
30857,RSC Anderlecht Reserve,Belgium
3463,Glenavon FC,Northern Ireland
6068,Newry City AFC,Northern Ireland
3831,Coleraine FC,Northern Ireland
3461,Larne FC,Northern Ireland
3471,Linfield FC,Northern Ireland
15244,Ballymena United,Northern Ireland
8714,Carrick Rangers,Northern Ireland
4421,Lisburn Distillery FC,Northern Ireland
5594,Portadown FC,Northern Ireland
1251,Cliftonville FC,Northern Ireland
9026,Glentoran FC,Northern Ireland
1091,PAOK Thessaloniki,Greece
21941,AS Fokikos Amfissas,Greece
169,Panionios Athens,Greece
21957,Platanias Chania,Greece
6418,Panetolikos GFS,Greece
3391,AO Kavala,Greece
265,Panathinaikos Athens,Greece
3385,Panserraikos Serres,Greece
5220,GS Ergotelis,Greece
2079,PAE Veria,Greece
33438,AO Episkopi Rethymnou,Greece
47,Iraklis Thessaloniki,Greece
7185,Panthrakikos Komotini,Greece
2670,Ethnikos Piraeus,Greece
4603,AE Larisa,Greece
3999,PAS Lamia 1964,Greece
9415,APS Zakynthos,Greece
3396,Ethnikos Asteras,Greece
553,Ionikos Nikeas,Greece
653,OFI Crete,Greece
2726,Paniliakos Pyrgos,Greece
2984,AO Egaleo,Greece
2671,PAS Giannina,Greece
8758,Diagoras Rodou,Greece
6678,Thrasyvoulos Fylis,Greece
683,Olympiacos Piraeus,Greece
3060,Atromitos Athen,Greece
605,Aris Thessaloniki,Greece
2672,APO Levadiakos,Greece
28956,AEL Kalloni,Greece
2441,AEK Athens,Greece
24773,Anagennisi Epanomis,Greece
6676,Asteras Tripolis,Greece
128,Skoda Xanthi,Greece
441,Apollon Smyrnis,Greece
2394,SV Kapfenberg,Austria
936,Casino Schwarz-Weiss Bregenz,Austria
170,Rapid Vienna,Austria
856,SV Mattersburg,Austria
28760,SK Austria Klagenfurt,Austria
122,SK Sturm Graz,Austria
10131,SV Grödig,Austria
2364,First Vienna FC,Austria
2662,SKN St. Pölten,Austria
2444,FC Wacker Innsbruck,Austria
4383,Austria Vienna Reserves,Austria
316,Grazer AK,Austria
4443,SK Sturm Graz II,Austria
541,SC Austria Lustenau,Austria
14,Austria Vienna,Austria
4441,Wolfsberger AC,Austria
409,Red Bull Salzburg,Austria
413,LASK,Austria
17444,SC Wiener Neustadt,Austria
503,VfB Admira Wacker Mödling,Austria
11609,SK Austria Kärnten,Austria
935,FC Pasching,Austria
3551,SC Rheindorf Altach,Austria
155,FC Kärnten,Austria
2231,FC Lustenau,Austria
266,SV Ried,Austria
2446,WSG Wattens,Austria
175,FK Lyn,Norway
353,Lillestrøm SK,Norway
2038,Sogndal IL,Norway
267,IK Start,Norway
5619,Aalesunds FK,Norway
687,Molde FK,Norway
1100,SK Brann,Norway
632,Hönefoss BK,Norway
10217,Sarpsborg 08 FF,Norway
239,Viking Stavanger,Norway
2817,Strømsgodset IF,Norway
1293,Tromsø IL,Norway
2761,FK Haugesund,Norway
195,Rosenborg BK,Norway
3837,Fredrikstad FK,Norway
1057,Bryne FK,Norway
76,Vålerenga Fotball,Norway
501,FK Bodø/Glimt,Norway
6399,Sandefjord Fotball,Norway
1274,Stabæk Fotball,Norway
1058,Odds BK,Norway
6981,South Melbourne FC,Australia
11419,APIA Leichhardt Tigers,Australia
38757,Victorian Institute of Sport,Australia
3743,FFA Centre of Excellence,Australia
8054,Sydney FC,Australia
5551,Newcastle United Jets,Australia
875,Adelaide United,Australia
970,Perth Glory,Australia
684,Carlton SC,Australia
20735,New South Wales Institute of Sport,Australia
6954,Central Coast Mariners,Australia
36100,Western Sydney Wanderers,Australia
7831,Brisbane Roar,Australia
3744,Perth SC,Australia
8445,Wellington Phoenix,Australia
2500,Parramatta Power,Australia
3080,Heidelberg United,Australia
15889,Gold Coast United,Australia
7006,Melbourne Victory,Australia
2931,South Coast Wolves FC,Australia
25580,Melbourne Heart FC,Australia
11432,Whittlesea Zebras,Australia
2371,1.FC Kaiserslautern U19,Germany
3,1. FC Köln,Germany
143,VfL Wolfsburg II,Germany
71,Stuttgarter Kickers,Germany
1205,1.FC Eschborn,Germany
109,SSV Jahn Regensburg,Germany
111,Rot-Weiß Erfurt,Germany
108,SV Wehen,Germany
4677,Tennis Borussia Berlin U19,Germany
4121,Borussia Mönchengladbach U19,Germany
102,VfB Stuttgart II,Germany
582,Karlsruher SC II,Germany
668,Sportfreunde Lotte,Germany
1404,1.FC Saarbrücken II,Germany
1169,Blau-Gelb Laubsdorf,Germany
2540,VfV Borussia 06 Hildesheim,Germany
572,Stuttgarter Kickers II,Germany
2263,Eintracht Bad Kreuznach,Germany
44,Hertha BSC,Germany
1065,Hannover 96 II,Germany
7986,TSV Mühlenfeld,Germany
1557,Würzburger Kickers,Germany
66510,VfV Hildesheim,Germany
5083,Dynamo Dresden II,Germany
24,Eintracht Frankfurt,Germany
80,VfL Bochum,Germany
90,SV Babelsberg 03,Germany
994,Hassia Bingen,Germany
103,1.FC Schweinfurt 05,Germany
26313,TS Ober-Roden,Germany
373,KSV Hessen Kassel,Germany
3862,VfL Bochum U19,Germany
21057,Eintracht Frankfurt U17,Germany
10,Arminia Bielefeld,Germany
4713,Bayer 04 Leverkusen U19,Germany
269,Holstein Kiel,Germany
5560,BSV Schwarz-Weiß Rehden,Germany
8,Alemannia Aachen,Germany
2827,Hertha BSC U19,Germany
2510,TSV 1860 München U19,Germany
848,1.FC Union Solingen,Germany
129,SG Dynamo Dresden,Germany
4955,SC Wiedenbrück,Germany
112,SC Pfullendorf,Germany
1427,Türkiyemspor Berlin,Germany
1381,FSV Erlangen-Bruck,Germany
139,Kickers Emden,Germany
8983,SpVgg Neckarelz,Germany
3957,TuS Dornberg,Germany
2512,FC Miesbach,Germany
27,Bayern Munich,Germany
42,Hannover 96,Germany
74,TSV Schwabmünchen,Germany
68,SSV Reutlingen 05,Germany
16,Borussia Dortmund,Germany
65,SpVgg Greuther Fürth,Germany
4,1.FC Nuremberg,Germany
1405,FV Dresden 06 Laubegast,Germany
459,FC 08 Homburg,Germany
34,FC Schalke 04 II,Germany
89,1.FC Union Berlin,Germany
2,1.FC Kaiserslautern,Germany
44917,FC International Leipzig,Germany
389,Hamburger SV II,Germany
107,Kickers Offenbach,Germany
5370,Karlsruher SC U19,Germany
727,KSV Klein-Karben,Germany
113,FC Carl Zeiss Jena,Germany
1006,Borussia Mönchengladbach II,Germany
9962,1.SC Norderstedt,Germany
440,Hallescher FC,Germany
1461,1.FC Köln U19,Germany
66,SpVgg Unterhaching,Germany
52,MSV Duisburg,Germany
2509,Hamburger SV U19,Germany
12140,Rot-Weiß Darmstadt,Germany
35,FC St. Pauli,Germany
105,SV Darmstadt 98,Germany
110,SV Wacker Burghausen,Germany
23,Eintracht Braunschweig,Germany
1464,Borussia Dortmund U19,Germany
99,FC Sachsen Leipzig,Germany
28,FC Bayern Munich II,Germany
247,SV Meppen,Germany
996,TuS Koblenz,Germany
767,SV Lippstadt 08,Germany
167,FC Augsburg,Germany
127,SC Paderborn 07,Germany
5369,1.FSV Mainz 05 U19,Germany
91,Preußen Münster,Germany
92,SC Fortuna Köln,Germany
38,Fortuna Düsseldorf,Germany
299,Wuppertaler SV Borussia,Germany
883,ASV Bergedorf 85,Germany
766,SG Egelsbach,Germany
82,VfL Wolfsburg,Germany
1622,FC Viktoria Köln,Germany
60,SC Freiburg,Germany
2643,ZFC Meuselwitz,Germany
533,TSG 1899 Hoffenheim,Germany
1628,TuS Haltern,Germany
177,Eintracht Frankfurt II,Germany
85,SV Waldhof Mannheim,Germany
473,1.FC Nuremberg II,Germany
41855,Leipziger SV Südwest,Germany
187,1.FC Magdeburg,Germany
56,Rot-Weiss Essen,Germany
4244,SC Union Bergen,Germany
495,FC Starnberg,Germany
78,VfB Lübeck,Germany
79,VfB Stuttgart,Germany
18,Borussia Mönchengladbach,Germany
57,Rot-Weiß Oberhausen,Germany
211,Bayer 04 Leverkusen II,Germany
954,SSVg Velbert 02,Germany
25,FC Energie Cottbus,Germany
584,Berliner AK 07,Germany
1493,SpVgg Durlach-Aue,Germany
283,1.FC Sand,Germany
844,TSG Dülmen,Germany
17,Borussia Dortmund II,Germany
4802,TSV Neusäß,Germany
104,SV Eintracht Trier 05,Germany
33,FC Schalke 04,Germany
2517,VfB Stuttgart U19,Germany
101,Tennis Borussia Berlin,Germany
7679,TSV Buchbach,Germany
63,Sportfreunde Siegen,Germany
293,FSV Frankfurt,Germany
45,Hertha BSC II,Germany
851,1.FSV Mainz 05 II,Germany
87,SV Werder Bremen II,Germany
615,SpVgg Ansbach,Germany
7678,Sportfreunde Seligenstadt,Germany
30,FC Hansa Rostock,Germany
1401,FC Oberlausitz Neugersdorf,Germany
39,1.FSV Mainz 05,Germany
97,SG Wattenscheid 09,Germany
64,SV 07 Elversberg,Germany
1463,FC Schalke 04 U19,Germany
2589,SG Sonnenhof Großaspach,Germany
93,SC Verl,Germany
706,Frankfurter FC Viktoria 91,Germany
565,SV Viktoria Aschaffenburg,Germany
245,SC Freiburg II,Germany
15,Bayer 04 Leverkusen,Germany
559,FV Speyer,Germany
4556,Arminia Bielefeld U19,Germany
72,TSV 1860 Munich,Germany
5343,VfL Wolfsburg U19,Germany
9572,BSG Chemie Leipzig,Germany
86,SV Werder Bremen,Germany
4795,FC Ingolstadt 04,Germany
564,Würzburger FV,Germany
1263,SC Weyhe,Germany
5295,Alemannia Aachen U19,Germany
151,1.FC Kaiserslautern II,Germany
1,1.FC Saarbrücken,Germany
617,TuS Lingen (liq.),Germany
438,1.FC Köln II,Germany
254,SV Sandhausen,Germany
3496,Arminia Ludwigshafen,Germany
8935,USI Lupo-Martini Wolfsburg,Germany
69,SSV Ulm 1846,Germany
1260,SV Erzhausen,Germany
4191,FC Pipinsried,Germany
158,VfR Wormatia Worms,Germany
983,TSG 1899 Hoffenheim II,Germany
597,SC Borussia Fulda,Germany
48,Karlsruher SC,Germany
95,KFC Uerdingen 05,Germany
1710,TSG Thannhausen,Germany
2036,1.FC Heidenheim 1846,Germany
490,FSV Wacker Nordhausen,Germany
98,Dresdner SC,Germany
51,Lüneburger SK (liq.),Germany
1222,ASV Cham,Germany
5372,Eintracht Frankfurt U19,Germany
21,Chemnitzer FC,Germany
446,VfL Bochum II,Germany
3550,SC Kapellen-Erft,Germany
23826,RB Leipzig,Germany
23624,VfB Ginsheim,Germany
81,VfL Osnabrück,Germany
41,Hamburger SV,Germany
83,VfR Aalen,Germany
6706,TSV Gersthofen,Germany
94,FC Erzgebirge Aue,Germany
1462,FC Bayern Munich U19 ,Germany
688,TSV Aindling,Germany
50,LR Ahlen,Germany
16104,FC Copenhagen U19,Denmark
2778,FC Nordsjaelland,Denmark
33324,Vejle Boldklub Kolding,Denmark
206,Bröndby IF,Denmark
16786,Kjöbenhavns Boldklub (FCK II),Denmark
190,FC Copenhagen,Denmark
15632,Boldklubben Frem U19,Denmark
19657,Vendsyssel FF,Denmark
2414,AC Horsens,Denmark
896,Farum Boldklub (FCN II),Denmark
5870,Ölstykke FC,Denmark
1894,Hvidovre IF,Denmark
173,Odense Boldklub,Denmark
5724,Randers FC,Denmark
444,Boldklubben Frem,Denmark
947,Boldklubben af 1893,Denmark
362,Akademisk Boldklub,Denmark
443,Vejle Boldklub,Denmark
1177,Silkeborg IF,Denmark
865,FC Midtjylland,Denmark
678,Aarhus GF,Denmark
369,Lyngby BK,Denmark
5866,Brönshöj Boldklub,Denmark
5722,Kalundborg GB,Denmark
1063,Viborg FF,Denmark
445,Herfölge Boldklub,Denmark
3732,Hellerup IK,Denmark
3426,Esbjerg fB,Denmark
1053,Aalborg BK,Denmark
5817,SönderjyskE,Denmark
2431,CF Estrela Amadora,Portugal
11085,Real SC,Portugal
3274,AD Ovarense,Portugal
10330,SL Benfica B,Portugal
2420,Vitória Guimarães SC,Portugal
4747,Anadia FC,Portugal
10949,Sporting CP B,Portugal
7179,CD Tondela,Portugal
2995,FC Paços de Ferreira,Portugal
2521,FC Alverca,Portugal
4814,Naval 1º de Maio,Portugal
2990,Académica Coimbra,Portugal
2425,Rio Ave FC,Portugal
35119,AC Alcanenense,Portugal
3326,AD Fafe,Portugal
979,Moreirense FC,Portugal
2434,SC Salgueiros,Portugal
1085,Vitória Setúbal FC,Portugal
1436,SC Beira-Mar,Portugal
2457,Belenenses SAD,Portugal
8024,FC Arouca,Portugal
3325,GD Chaves,Portugal
720,FC Porto,Portugal
2503,Boavista Porto FC,Portugal
28574,Neves FC,Portugal
4750,SC Olhanense,Portugal
10283,Sporting CP U19,Portugal
8889,SL Benfica U19,Portugal
7378,Portimonense SC,Portugal
3349,CD Feirense,Portugal
3336,Desportivo Aves,Portugal
1301,CS Marítimo,Portugal
2424,Gil Vicente FC,Portugal
1075,SC Braga,Portugal
3345,Leixões SC,Portugal
294,SL Benfica,Portugal
7056,CD Mafra,Portugal
2639,União de Leiria,Portugal
1701,FC Felgueiras 1932,Portugal
7242,FC Infesta,Portugal
45618,SL Benfica U17,Portugal
15019,Vitória Setúbal FC U19,Portugal
10331,FC Porto B,Portugal
3271,FC Maia,Portugal
6119,Clube Operário Desportivo,Portugal
976,CF União Madeira,Portugal
5227,Atlético CP,Portugal
982,CD Nacional,Portugal
4294,SC Farense,Portugal
1465,GD Estoril,Portugal
10789,SC Braga B,Portugal
4297,Varzim Sport Club,Portugal
6144,GD Ribeirão,Portugal
336,Sporting CP,Portugal
10787,CS Marítimo B,Portugal
12964,SC Braga U19,Portugal
15136,Vitória Guimarães SC B,Portugal
59,SC Campomaiorense,Portugal
3327,FC Penafiel,Portugal
2576,Fylkir Reykjavík,Iceland
5849,Víkingur Reykjavík,Iceland
1033,Valur Reykjavík,Iceland
11382,HK Kópavogs,Iceland
3237,KR Reykjavík,Iceland
8037,Keflavík ÍF,Iceland
21864,Thór Akureyri,Iceland
2294,Landskrona BoIS,Sweden
9614,Östersunds FK,Sweden
8877,Athletic Eskilstuna,Sweden
7406,Syrianska FC,Sweden
19447,Lärje-Angereds IF,Sweden
1236,Östers IF,Sweden
2005,IFK Hässleholm,Sweden
1055,Enköpings SK,Sweden
496,Malmö FF,Sweden
1109,BK Häcken,Sweden
2283,Vasalunds IF,Sweden
2843,GIF Sundsvall,Sweden
7917,Malmö FF U19,Sweden
4380,Assyriska FF,Sweden
1011,Halmstads BK,Sweden
701,Trelleborgs FF,Sweden
3654,Kalmar FF,Sweden
5196,Falkenbergs FF,Sweden
1056,Örebro SK,Sweden
9187,Rydaholm GoIF,Sweden
699,Helsingborgs IF,Sweden
1044,Djurgardens IF,Sweden
1059,Hammarby IF,Sweden
1118,Örgryte IS,Sweden
7009,GAIS Göteborg,Sweden
1101,IF Elfsborg,Sweden
801,IFK Göteborg,Sweden
7411,Jönköpings Södra IF,Sweden
2719,Mjällby AIF,Sweden
272,AIK,Sweden
1092,IF Brommapojkarna,Sweden
2844,IFK Norrköping,Sweden
11344,Dinamo Batumi,Georgia
6365,Lokomotivi Tbilisi,Georgia
663,Dinamo Tbilisi,Georgia
253,Torpedo Kutaisi,Georgia
9168,Houston Dynamo,United States
23565,Tampa Bay Rowdies,United States
623,MetroStars,United States
51828,Los Angeles FC,United States
21168,Wisconsin Badgers (University of Wisconsin),United States
4352,Daytona Beach Eagles,United States
6642,CD Chivas USA,United States
39850,California Golden Bears (UC Berkeley),United States
2440,D.C. United,United States
218,San Jose Earthquakes,United States
11141,Toronto FC,United States
813,Columbus Crew SC,United States
4274,Atlanta Silverbacks FC,United States
6321,Vancouver Whitecaps FC,United States
8816,Dallas Burn,United States
46181,Miami United FC,United States
25467,Philadelphia Union,United States
34346,California Vulcans (University of Pennsylvania),United States
4284,Kansas City Wizards,United States
9767,Santa Barbara Gauchos (Uni. of CAL Santa Barbara),United States
45604,Orlando City SC,United States
9636,Seattle Sounders FC,United States
4078,Montreal Impact,United States
42814,Miami FC,United States
3227,UCLA Bruins (Univ. of California Los Angeles),United States
16879,Chicago Fire Premier,United States
227,Brown Bears (Brown University),United States
40058,New York City FC,United States
16948,Ventura County Fusion,United States
6643,Real Salt Lake City,United States
1061,Los Angeles Galaxy,United States
56084,Billings Yellowjackets Athletics,United States
9713,Miami FC ,United States
594,Portland Pilots (University of Portland),United States
432,Chicago Fire,United States
51772,FC Cincinnati,United States
4291,Portland Timbers,United States
51663,Atlanta United FC,United States
626,New England Revolution,United States
34312,Grand View Vikings,United States
17053,San Fernando Valley Quakes,United States
1145,Miami Fusion,United States
2571,Roanoke Star,United States
4835,New York Cosmos,United States
56089,Minnesota United FC,United States
1247,Colorado Rapids,United States
46777,New York Cosmos B,United States
9858,Cincinnati Riverhawks,United States
9735,Chicago Magic,United States
43162,FK Liepaja,Latvia
1043,FC Skonto Riga,Latvia
2055,FC La Chaux-de-Fonds,Switzerland
9178,FC St. Gallen 1879 U21,Switzerland
242,FC Winterthur,Switzerland
14435,SC Kriens II,Switzerland
2047,AC Bellinzona,Switzerland
747,FC Baden,Switzerland
504,Grasshopper Club Zurich,Switzerland
2395,SC YF Juventus Zürich,Switzerland
510,FC Chiasso,Switzerland
5299,FC Basel 1893 U21,Switzerland
26,FC Basel 1893,Switzerland
163,FC Vaduz,Switzerland
850,FC Wil 1900,Switzerland
2074,SC Kriens,Switzerland
452,BSC Young Boys,Switzerland
116,FC Aarau,Switzerland
527,FC Lausanne-Sport,Switzerland
625,Neuchâtel Xamax,Switzerland
2411,FC Locarno,Switzerland
1978,FC Wohlen,Switzerland
12424,FC Le Mont LS,Switzerland
8463,FC Rapperswil-Jona,Switzerland
5502,Grasshopper Club Zürich U21,Switzerland
12535,FC Ascona,Switzerland
61,Servette FC,Switzerland
4771,GC Biaschesi,Switzerland
9084,Neuchâtel Xamax FCS,Switzerland
2790,FC Lugano,Switzerland
14764,Losone Sportiva,Switzerland
260,FC Zürich,Switzerland
5495,FC Mendrisio-Stabio,Switzerland
1277,FC Schaffhausen,Switzerland
48044,Neuchâtel Xamax FCS Jugend,Switzerland
938,FC Thun,Switzerland
434,FC Luzern,Switzerland
322,Yverdon-Sport FC,Switzerland
257,FC St. Gallen 1879,Switzerland
14543,Grasshopper Club Zürich U18,Switzerland
1292,Etoile Carouge FC,Switzerland
2016,BSC Old Boys,Switzerland
5259,FC Baulmes,Switzerland
321,FC Sion,Switzerland
2155,FC Biel-Bienne,Switzerland
3216,Mersin Idmanyurdu,Turkey
6890,Istanbul Basaksehir ,Turkey
924,Istanbulspor,Turkey
1467,Göztepe,Turkey
833,Denizlispor,Turkey
11688,Giresunspor,Turkey
2750,Bucaspor,Turkey
868,MKE Ankaragücü,Turkey
820,Genclerbirligi Ankara,Turkey
19771,Akhisar Belediyespor,Turkey
2323,Orduspor,Turkey
152,Samsunspor,Turkey
11282,Alanyaspor,Turkey
6630,Sanliurfaspor,Turkey
6,Adanaspor,Turkey
2292,Elazigspor,Turkey
6894,Kayseri Erciyesspor,Turkey
3207,Boluspor,Turkey
1291,Siirt Jetpa Spor,Turkey
1506,Kardemir Karabükspor,Turkey
36,Fenerbahce SK,Turkey
10484,Kasimpasa,Turkey
114,Besiktas JK,Turkey
825,Eskisehirspor,Turkey
1267,Manisaspor,Turkey
39722,Büyüksehir Belediye Erzurumspor,Turkey
19789,Yeni Malatyaspor,Turkey
12374,Altinordu,Turkey
3205,Kayserispor,Turkey
1511,Akcaabat Sebatspor,Turkey
2832,Gaziantep Büyüksehir Belediyespor,Turkey
120,Kocaelispor,Turkey
10483,Genclerbirligi Oftasspor,Turkey
524,Gaziantepspor,Turkey
20,Bursaspor,Turkey
141,Galatasaray SK,Turkey
2381,Sivasspor,Turkey
449,Trabzonspor,Turkey
2944,Ankaraspor,Turkey
24245,Ümraniyespor,Turkey
740,Yimpas Yozgatspor,Turkey
20698,Balikesirspor,Turkey
2330,Karsiyaka,Turkey
589,Antalyaspor,Turkey
2293,Konyaspor,Turkey
126,Caykur Rizespor,Turkey
11470,CD O'Higgins,Chile
3277,CD Universidad Católica,Chile
14604,Deportes Concepción,Chile
2723,Santiago Wanderers,Chile
9103,Deportes Cobreloa,Chile
2433,CSD Colo Colo,Chile
23162,CD San Marcos de Arica,Chile
18720,Rangers de Talca,Chile
6368,Huachipato FC,Chile
20514,Unión La Calera,Chile
7020,CD Everton,Chile
1037,Club Universidad de Chile,Chile
15952,Unión San Felipe,Chile
19280,CD San Luis de Quillota,Chile
14723,CD Ñublense,Chile
4321,Unión Española,Chile
6536,CD Palestino,Chile
6363,Audax Italiano,Chile
2720,CD Olimpia,Honduras
9708,CD Motagua Tegucigalpa,Honduras
675,Slavia Sofia,Bulgaria
271,FC Litex Lovetch,Bulgaria
208,CSKA Sofia,Bulgaria
967,Cherno More Varna,Bulgaria
31614,PFK Ludogorets Razgrad,Bulgaria
521,OFK Pirin Blagoevgrad,Bulgaria
6764,PFC Beroe Stara Zagora,Bulgaria
2531,Botev Plovdiv,Bulgaria
4494,Chernomorets Burgas,Bulgaria
21253,FK Akademik Sofia,Bulgaria
156,Levski Sofia,Bulgaria
26462,POFK Botev Vratsa,Bulgaria
2259,Lokomotiv Plovdiv,Bulgaria
730,Lokomotiv Sofia,Bulgaria
5107,NK Zagreb,Croatia
11083,NK Rudes,Croatia
44796,GNK Dinamo Zagreb II,Croatia
2409,NK Marsonia Slavonski Brod,Croatia
999,NK Istra 1961,Croatia
327,NK Osijek,Croatia
10317,HNK Zmaj Makarska,Croatia
599,NK Varteks Varazdin,Croatia
2566,NK Zadar,Croatia
11405,NK Trnje Zagreb,Croatia
485,NK Hrvatski Dragovoljac,Croatia
419,GNK Dinamo Zagreb,Croatia
223,HNK Sibenik,Croatia
2362,Slaven Belupo Koprivnica,Croatia
24575,HNK Gorica,Croatia
2776,NK Kamen Ingrad Velika,Croatia
447,HNK Hajduk Split,Croatia
44699,NK Istra 1961 II,Croatia
420,RNK Split,Croatia
144,HNK Rijeka,Croatia
918,NK Inter Zapresic,Croatia
32480,NK Istra 1961 U19,Croatia
6992,Chornomorets Odessa,Ukraine
2783,Metalurh Donetsk,Ukraine
4482,Volyn Lutsk,Ukraine
21218,Dynamo Kyiv II,Ukraine
660,Shakhtar Donetsk,Ukraine
339,Dnipro Dnipropetrovsk,Ukraine
6414,Metalist Kharkiv,Ukraine
2477,Karpaty Lviv,Ukraine
2227,SK Tavriya Simferopol,Ukraine
12414,Dnipro Dnipropetrovsk II,Ukraine
9007,Arsenal Kyiv,Ukraine
37825,Shakhtar 3 Donetsk,Ukraine
338,Dynamo Kyiv,Ukraine
10690,Zorya Luhansk,Ukraine
13744,MFK Zemplin Michalovce,Slovakia
1443,MSK Zilina,Slovakia
540,Slovan Bratislava,Slovakia
7918,AS Trencin,Slovakia
8146,FC Senec,Slovakia
365,Spartak Trnava,Slovakia
1562,FC Nitra,Slovakia
7392,MFK Dubnica,Slovakia
216,Inter Bratislava,Slovakia
7087,MFK Ruzomberok,Slovakia
779,MFK Kosice,Slovakia
6163,FK Senica,Slovakia
4786,Dukla Banska Bystrica,Slovakia
2781,FC Artmedia Bratislava,Slovakia
4529,DAC Dunajska Streda,Slovakia
6079,Persepolis FC,Iran
22609,Steel Azin FC,Iran
4947,Sepahan FC,Iran
6076,Foolad FC,Iran
7390,FC Aboomoslem,Iran
1076,Esteghlal FC,Iran
27818,Machine Sazi Tabriz,Iran
26312,Pas Teheran,Iran
6081,Zob Ahan Esfahan,Iran
5662,Puebla FC,Mexico
1804,Deportivo Toluca,Mexico
6709,CF Atlante,Mexico
4035,CF Pachuca,Mexico
4961,Querétaro FC,Mexico
6711,Deportivo Guadalajara,Mexico
4565,Tecos de la Universidad Autónoma de Guadalajara,Mexico
1403,Santos Laguna,Mexico
4941,Club León FC,Mexico
33203,Celaya FC,Mexico
7633,UNAM Pumas,Mexico
5138,Tiburones Rojos de Veracruz,Mexico
3711,CD Cruz Azul,Mexico
7055,Tigres UANL,Mexico
13353,Club Tijuana,Mexico
3631,CF América,Mexico
28185,CD Cruz Azul Hidalgo,Mexico
12292,Indios de Ciudad Juárez,Mexico
4774,Chiapas FC,Mexico
5623,Monarcas Morelia,Mexico
1146,Club Necaxa,Mexico
8590,Atlas Guadalajara,Mexico
2407,CF Monterrey,Mexico
5378,Vasas SC,Hungary
708,Újpest FC,Hungary
3552,BFC Siófok,Hungary
12163,Paksi FC,Hungary
9241,Diósgyőri VTK,Hungary
6056,Kaposvári Rákóczi FC,Hungary
15907,MTK Budapest U19,Hungary
37169,Puskás Akadémia FC,Hungary
709,Budapest Honvéd FC,Hungary
11107,Videoton FC,Hungary
6055,ETO FC Győr ,Hungary
1391,Zalaegerszegi TE FC,Hungary
279,Ferencvárosi TC,Hungary
4787,Dunaferr SE,Hungary
634,MTK Budapest,Hungary
649,Szombathelyi Haladás,Hungary
3233,Pécsi MFC,Hungary
84,Debreceni VSC,Hungary
13414,Rákospalotai EAC,Hungary
2952,FC Sopron,Hungary
965,Qatar Sports Club,Qatar
13509,Al-Wakrah Sports Club,Qatar
26091,Al Duhail Sports Club,Qatar
5381,Al Khor Sports Club,Qatar
4630,Al Sailiya Sport Club,Qatar
10920,Umm Salal Sport Club,Qatar
33288,El-Jaish Sports Club,Qatar
3229,Al Rayyan Sports Club,Qatar
3612,Al Ahli Sports Club,Qatar
19585,Al Kharitiyat Sports Club,Qatar
656,Al Sadd Sports Club,Qatar
10775,Al-Shamal,Qatar
1230,Al Arabi Sports Club,Qatar
6297,Al Gharafa Sports Club,Qatar
861,CA Peñarol,Uruguay
2619,Defensor Sporting Club,Uruguay
10663,Liverpool FC Montevideo,Uruguay
10960,Central Español,Uruguay
18075,Club Deportivo Maldonado,Uruguay
3829,CA Fénix,Uruguay
17428,Juventud de Las Piedras,Uruguay
18074,Club Atlético Boston River,Uruguay
10632,CA Rentistas,Uruguay
2419,Atletico River Plate Montevideo,Uruguay
866,Club Nacional,Uruguay
27786,Montevideo Wanderers U19,Uruguay
1306,Danubio FC,Uruguay
10679,Club Atlético Bella Vista,Uruguay
2403,Montevideo Wanderers,Uruguay
14806,Club Atlético Cerro,Uruguay
18078,El Tanque Sisley,Uruguay
23581,V-Varen Nagasaki,Japan
6631,FC Tokyo,Japan
828,Urawa Red Diamonds,Japan
1066,Nagoya Grampus,Japan
9597,Avispa Fukuoka,Japan
3734,Tokyo Verdy 1969,Japan
25716,Fujieda MYFC,Japan
672,JEF United Chiba,Japan
8344,Albirex Niigata,Japan
943,Yokohama FC,Japan
9598,Kawasaki Frontale,Japan
8457,Shonan Bellmare,Japan
22177,Sagan Tosu,Japan
25659,Chukyo High School,Japan
596,Gamba Osaka,Japan
593,Kyoto Sanga,Japan
22178,Thespakusatsu Gunma,Japan
1062,Shimizu S-Pulse,Japan
2697,Sanfrecce Hiroshima,Japan
2241,Kashima Antlers,Japan
6632,Kashiwa Reysol,Japan
3958,Vissel Kobe,Japan
3828,Yokohama F. Marinos,Japan
1022,Cerezo Osaka,Japan
937,Júbilo Iwata,Japan
1102,Vaasan Palloseura,Finland
1008,HJK Helsinki,Finland
3776,Rovaniemen Palloseura,Finland
11133,Tampereen Peli-Pojat-70,Finland
261,Tervarit Oulu,Finland
3650,FF Jaro,Finland
8045,Tampere United,Finland
2275,Turun Palloseura,Finland
2688,Myllykosken Pallo -47,Finland
10927,Tornion Pallo -47,Finland
2925,FC Lahti,Finland
11959,Issia Wazi FC,Cote d'Ivoire
3891,ASEC Mimosas,Cote d'Ivoire
2936,Africa Sports,Cote d'Ivoire
17830,AS Denguélé d’Odienné,Cote d'Ivoire
26911,AFAD Djékanou,Cote d'Ivoire
9369,Stella Club d'Adjamé,Cote d'Ivoire
26392,Jeunesse Club d'Abidjan,Cote d'Ivoire
715,FC Bohemians Prag 1905,Czech Republic
5546,FK Mladá Boleslav,Czech Republic
941,FC Viktoria Plzen,Czech Republic
814,FK Teplice,Czech Republic
13726,MFK Karvina,Czech Republic
5225,1. FC Brno,Czech Republic
7975,FC Vysocina Jihlava,Czech Republic
892,FK Viktoria Zizkov,Czech Republic
1322,FK Jablonec,Czech Republic
135,FK Chmel Blsany,Czech Republic
479,Slezsky FC Opava,Czech Republic
1897,FC Hradec Králové,Czech Republic
697,FC Slovan Liberec,Czech Republic
797,FK Banik Most,Czech Republic
62,SK Slavia Prag,Czech Republic
197,AC Sparta Praha,Czech Republic
2311,SK Sigma Olomouc,Czech Republic
2598,FK Marila Pribram,Czech Republic
1321,SK Dynamo Ceske Budejovice,Czech Republic
43310,SK Vysoké Mýto,Czech Republic
377,FC Banik Ostrava,Czech Republic
15058,FK Cukaricki U19,Serbia
3521,FK Zemun,Serbia
3544,FK Smederevo,Serbia
37,FK Obilic,Serbia
788,FK Napredak Krusevac,Serbia
11137,Red Star Belgrade U19,Serbia
448,FK Vojvodina Novi Sad,Serbia
12132,FK Jagodina,Serbia
8819,FK Javor-Matis Ivanjica,Serbia
11044,FK Indjija,Serbia
159,Red Star Belgrade,Serbia
9937,FK Donji Srem Pecinci,Serbia
2209,FK Borac Cacak,Serbia
4634,FK Vozdovac,Serbia
902,FK Rad,Serbia
3543,FK Mladenovac,Serbia
53,OFK Beograd,Serbia
6621,FK Cukaricki,Serbia
19488,FK Proleter Novi Sad,Serbia
25070,FK Sopot Belgrad,Serbia
636,Zeleznik Belgrad,Serbia
669,FK Partizan Belgrade,Serbia
4561,CS Emelec,Ecuador
17584,CD Universidad Católica,Ecuador
944,Deportivo Quito,Ecuador
3523,Barcelona SC Guayaquil,Ecuador
1143,CD El Nacional,Ecuador
6362,SD Aucas,Ecuador
8781,Deportivo Cuenca,Ecuador
19309,Independiente del Valle,Ecuador
22752,Deportivo del Valle,Ecuador
9855,LDU Quito,Ecuador
3704,Village United,Jamaica
9702,Tivoli Gardens FC,Jamaica
11390,CS Mioveni,Romania
8174,FC Vaslui,Romania
4959,Otelul Galati,Romania
13499,Astra Giurgiu,Romania
1497,FC Bihor Oradea,Romania
455,Rapid Bucharest ,Romania
13839,Unirea Alba Iulia,Romania
7074,Politehnica Timisoara ,Romania
40812,CS Universitatea Craiova,Romania
6429,Universitatea Cluj,Romania
11380,Gloria Buzau,Romania
34808,ASA Targu Mures II,Romania
40843,FC Voluntari,Romania
37208,CS Flacara Faget,Romania
10442,Unirea Urziceni,Romania
34767,CS Turnu-Severin,Romania
12682,CS Otopeni,Romania
16650,ASA Tirgu Mures,Romania
15448,Politehnica Timisoara B,Romania
12680,CF Chindia Targoviste,Romania
11376,CF Braila,Romania
43188,FC Viitorul Mihai Georgescu,Romania
58049,FC Hermannstadt,Romania
29831,FC Viitorul ,Romania
952,UTA Arad,Romania
15945,Concordia Chiajna,Romania
2754,FC National Bukarest,Romania
2418,FC Arges Pitesti,Romania
15947,Dinamo Bukarest II,Romania
9560,Politehnica Iasi,Romania
22964,FC Snagov,Romania
312,Dinamo Bukarest,Romania
11222,ASC Daco-Getica Bukarest,Romania
36590,ACS Poli Timisoara,Romania
8818,FC Botosani,Romania
301,Steaua Bukarest,Romania
8715,Pandurii Targu Jiu ,Romania
8104,Gaz Metan Medias,Romania
20770,Unirea Dej,Romania
9465,Petrolul Ploiesti,Romania
33966,CSMS Iasi,Romania
7769,CFR Cluj,Romania
10761,Al-Jamahiriyah,Libya
13504,Al-Ahly Tripoli,Libya
13505,Al-Ittihad Tripoli,Libya
19712,AS Togo Port,Togo
859,AC Merlan Lome,Togo
11992,Western Province United,South Africa
28172,Transnet School of Excellence,South Africa
9368,Free State Stars,South Africa
568,Kaizer Chiefs,South Africa
2557,Orlando Pirates,South Africa
2238,Jomo Cosmos,South Africa
2891,SuperSport United,South Africa
7011,Lamontville Golden Arrows,South Africa
6356,Mamelodi Sundowns FC,South Africa
2695,Moroka Swallows,South Africa
44875,Calgary South West United,Canada
6321,Vancouver Whitecaps FC,Canada
4078,Montreal Impact,Canada
2237,Calgary Storm,Canada
6071,Chengdu Tiancheng,China
33714,Tianjin Quanjian,China
4768,Changchun Yatai,China
33304,Dalian Yifang,China
13552,Xiamen Lanshi,China
3176,Beijing Guoan,China
38987,Qingdao Huanghai,China
8533,Sichuan FC,China
3183,Shanghai Shenhua,China
27190,Shanghai SIPG,China
3187,Tianjin Teda,China
36630,Hebei China Fortune,China
3182,Shandong Luneng Taishan,China
10948,Guangzhou Evergrande,China
9982,Henan Jianye,China
1079,Liaoning FC,China
17250,Beijing Renhe,China
36628,Guizhou Hengfeng,China
22219,Jiangsu Suning,China
29148,Tianjin Teda Reserves,China
29301,Beijing BSU,China
6450,Wuhan Zall,China
3178,Dalian Shide,China
1320,Shenzhen Jianlibao,China
18916,Guangzhou R&F,China
1326,Chongqing Lifan,China
17238,Shanghai Shenxin,China
2582,Pusan I'Cons,"Korea, South"
6499,Daejeon Citizen FC,"Korea, South"
6502,Jeonbuk Hyundai Motors FC,"Korea, South"
18915,Kyung Hee University,"Korea, South"
3610,Seongnam Ilhwa Chunma FC,"Korea, South"
3301,Suwon Samsung Bluewings FC,"Korea, South"
2996,Incheon United FC,"Korea, South"
3535,Ulsan Hyundai,"Korea, South"
6500,FC Seoul,"Korea, South"
16696,Gyeongnam FC,"Korea, South"
19684,Jeju United FC,"Korea, South"
6503,Chunnam Dragons,"Korea, South"
311,FC Pohang Steelers,"Korea, South"
854,Korea University,"Korea, South"
9156,Sungkyunkwan University,"Korea, South"
9218,Enppi Club,Egypt
9094,Masry Port Said,Egypt
3595,Ismaily SC,Egypt
664,Zamalek SC,Egypt
7,El Ahly Cairo,Egypt
20572,El Gouna FC,Egypt
429,Apollon Limassol,Cyprus
3393,Doxa Katokopias,Cyprus
829,Omonia Nicosia,Cyprus
6043,Anagennisi Derynias,Cyprus
840,Enosis Neon Paralimni,Cyprus
1402,Olympiakos Nicosia,Cyprus
3899,Anorthosis Famagusta,Cyprus
2784,APOEL Nicosia,Cyprus
45457,Pafos FC,Cyprus
2156,AEK Larnaca,Cyprus
21241,APOEL Nikosia U21,Cyprus
786,AEL Limassol,Cyprus
18844,CD Suchitepéquez,Guatemala
9709,CSD Comunicaciones,Guatemala
2593,MSP Szamotuly,Poland
28801,UKS SMS Lodz U19,Poland
15906,Bruk-Bet Termalica Nieciecza,Poland
6361,Podbeskidzie Bielsko-Biala,Poland
8737,Kmita Zabierzów,Poland
6110,Korona Kielce,Poland
2745,Polonia Warsaw,Poland
16054,Sparta Oborniki,Poland
8680,MKS Piaseczno,Poland
1991,Gwarek Zabrze,Poland
759,Slask Wroclaw,Poland
88,Widzew Lodz,Poland
28536,Bytovia Bytow,Poland
6112,Piast Gliwice,Poland
255,Legia Warszawa,Poland
176,Amica Wronki,Poland
4000,Lechia Gdansk,Poland
15515,Gornik Zabrze U19,Poland
6107,Arka Gdynia,Poland
19278,Gwarek Zabrze U19,Poland
11843,Rozwój Katowice,Poland
422,Wisla Kraków,Poland
8372,Zaglebie Lubin II,Poland
324,Pogon Szczecin,Poland
7976,Polonia Bytom,Poland
2300,Jagiellonia Bialystok,Poland
5689,Cracovia Kraków,Poland
716,PGE GKS Belchatow,Poland
15521,Lechia Gdansk U19,Poland
318,Ruch Chorzow,Poland
238,Lech Poznan,Poland
168,Zaglebie Lubin,Poland
428,Górnik Zabrze,Poland
2118,Wisla Plock,Poland
2374,Shinnik Yaroslavl,Russia
2410,CSKA Moscow,Russia
2703,Alania Vladikavkaz,Russia
3691,Tom Tomsk,Russia
2737,Saturn Ramenskoe,Russia
5268,Torpedo-ZiL Moskau,Russia
3719,FK Khimki,Russia
11749,Lokomotiv Moscow II,Russia
932,Lokomotiv Moscow,Russia
964,Zenit St. Petersburg,Russia
3729,Arsenal Tula,Russia
232,Spartak Moscow,Russia
12438,Volga Nizhniy Novgorod,Russia
2700,Anzhi Makhachkala,Russia
121,Dinamo Moscow,Russia
2696,Krylya Sovetov Samara,Russia
11121,Dinamo Bryansk,Russia
16704,FK Krasnodar,Russia
28095,FK Ufa,Russia
5287,Chernomorets Novorossijsk,Russia
1083,FK Rostov,Russia
3687,Uralan Elista,Russia
2439,Kuban Krasnodar,Russia
11755,CSKA Moscow II,Russia
2698,Rubin Kazan,Russia
3725,Terek Grozny,Russia
250,Etoile Sportive du Sahel,Tunisia
12717,Club Athlétique Bizertin,Tunisia
581,Club Sportif Sfaxien,Tunisia
819,Club Africain Tunis,Tunisia
3342,Esperance Tunis,Tunisia
5582,W Connection,Trinidad and Tobago
21412,NK Brda,Slovenia
5862,ND Gorica,Slovenia
710,NK Celje ,Slovenia
433,FC Koper,Slovenia
11033,NK Aluminij Kidricevo,Slovenia
2476,NK Ankaran Postojna,Slovenia
17836,NK Triglav Kranj,Slovenia
789,NK Rudar Velenje,Slovenia
4770,ND FC Ljubljana,Slovenia
18031,NK Maribor  U19,Slovenia
11006,NK Interblock Ljubljana,Slovenia
3566,NK Smartno 1928,Slovenia
23253,DNŠ Zavrč,Slovenia
790,NK Maribor,Slovenia
4772,NK Olimpija Ljubljana,Slovenia
6248,NK Domzale,Slovenia
4059,NS Mura,Slovenia
12908,NK Krka,Slovenia
10532,B36 Tórshavn,Faroe Island
4313,HB Tórshavn,Faroe Island
7542,Atlético Colombia,Colombia
17467,Cortuluá,Colombia
9811,Deportivo Pereira,Colombia
11648,Independiente Santa Fe,Colombia
9961,Deportivo Cali,Colombia
2352,CD América de Cali,Colombia
10093,Independiente Medellín,Colombia
11854,Junior FC,Colombia
13379,Cúcuta Deportivo,Colombia
14649,Boyacá Chicó FC,Colombia
7136,Envigado FC,Colombia
14583,CD Atlético Huila,Colombia
6984,Once Caldas,Colombia
10503,Deportes Tolima,Colombia
8172,Atlético Nacional,Colombia
10090,Asociación Deportivo Pasto,Colombia
2351,Deportes Quindío,Colombia
17425,CD La Equidad Seguros SA,Colombia
2350,Millonarios FC,Colombia
20375,JS Saint-Pierroise,Réunion
14503,CD 1º de Agosto,Angola
7084,CA Petróleos Luanda,Angola
3474,Western Suburbs,New Zealand
9916,Hawks Banjul FC,The Gambia
13607,Liberty Professionals Accra,Ghana
502,Asante Kotoko SC,Ghana
27913,Berekum Arsenal,Ghana
11913,Tema Youth,Ghana
13603,Heart of Lions Kpando,Ghana
3601,Hearts of Oak,Ghana
20479,Liberty Professionals Accra U19,Ghana
32840,Inter Allies FC,Ghana
682,Sporting Club Accra,Ghana
37487,Dreams FC,Ghana
2930,Enugu Rangers IFC,Nigeria
13254,Hearts of Abuja,Nigeria
31727,FC Dender,Nigeria
5069,Plateau United FC,Nigeria
22859,Gateway FC Abeokuta,Nigeria
1549,Julius Berger Lagos,Nigeria
6799,Kano Pillars,Nigeria
6907,Lobi Stars,Nigeria
2979,Bendel Insurance,Nigeria
645,Enyimba Aba,Nigeria
51301,Ultimate Strikers Academy,Nigeria
21283,SCG Muangthong United,Thailand
27092,Port FC,Thailand
25449,Buriram United,Thailand
14456,Al-Dhafra SCC,United Arab Emirates
15541,Al-Ahli Dubai Club,United Arab Emirates
815,Al-Shaab CSC,United Arab Emirates
161,Al-Wahda FC Abu Dhabi,United Arab Emirates
13613,Sharjah Cultural Sports Club,United Arab Emirates
5432,Al-Nasr (Dubai),United Arab Emirates
31320,Al-Fujairah SC,United Arab Emirates
4785,Baniyas SC,United Arab Emirates
38040,Al Ittihad Kalba Sports Club,United Arab Emirates
16214,Al-Wasl Sports Club,United Arab Emirates
2524,Al-Jazira (Abu Dhabi),United Arab Emirates
2150,Al-Ain FC,United Arab Emirates
44289,Dibba Al-Fujairah,United Arab Emirates
9710,Dubai Cultural Sports Club,United Arab Emirates
26103,AD Limonense,Costa Rica
4720,Deportivo Saprissa,Costa Rica
2677,CS Herediano,Costa Rica
6808,HSK Zrinjski Mostar,Bosnia-Herzegovina
1242,NK Siroki Brijeg,Bosnia-Herzegovina
2573,FK Zeljeznicar Sarajevo,Bosnia-Herzegovina
11215,FK Olimpik Sarajevo ,Bosnia-Herzegovina
5405,FK Sloboda Tuzla,Bosnia-Herzegovina
282,FK Sarajevo,Bosnia-Herzegovina
3900,FK Borac Banja Luka,Bosnia-Herzegovina
6803,FK Modrica Maxima,Bosnia-Herzegovina
45278,Atlético de Kolkata,India
45275,FC Pune City,India
45276,NorthEast United FC,India
45299,Chennaiyin FC,India
45274,Mumbai City FC,India
45277,Kerala Blasters FC,India
8047,Suduva Marijampole,Lithuania
40090,FK Kauno Zalgiris,Lithuania
23562,Tauras Taurage,Lithuania
23560,Kruoja Pakruojis,Lithuania
5228,Atlantas Klaipeda,Lithuania
35957,FK Palanga,Lithuania
30739,Dainava Alytus,Lithuania
602,Zalgiris Vilnius,Lithuania
3850,Ekranas Panevezys,Lithuania
13278,FC Tiraspol,Moldova
2481,Sheriff Tiraspol,Moldova
5771,Levadia Tallinn,Estonia
29904,Tallinna FC Olympic,Estonia
11411,FC Banants Yerevan,Armenia
17483,Club General Díaz de Luque,Paraguay
1214,Club Cerro Porteño,Paraguay
629,Olimpia Asunción,Paraguay
56080,29 de Setiembre F.B.C,Paraguay
11855,Club Guaraní,Paraguay
9875,Club Libertad Asunción,Paraguay
7098,Club Nacional Asunción,Paraguay
7656,Sportivo Luqueño,Paraguay
6880,Tacuary Fútbol Club,Paraguay
35165,Club Real Santa Cruz,Bolivia
5570,The Strongest La Paz,Bolivia
36134,Petrolero de Yacuiba,Bolivia
184,Club Alianza Lima,Peru
4576,Club Juan Aurich,Peru
2729,Club Cienciano,Peru
1450,Sporting Cristal Lima,Peru
11622,Universidad San Martín de Porres,Peru
2734,FBC Melgar,Peru
6593,Universitario de Deportes,Peru
13297,Deportivo Táchira,Venezuela
18018,Zamora FC,Venezuela
7466,UA Maracaibo,Venezuela
17489,Llaneros de Guanare EF,Venezuela
26468,Deportivo La Guaira,Venezuela
20907,Nacional Táchira,Venezuela
21800,Deportivo Italchacao,Venezuela
14555,Estudiantes de Mérida,Venezuela
17194,Mineros de Guayana,Venezuela
19396,Zulia FC,Venezuela
25380,Deportivo Lara,Venezuela
531,Caracas FC,Venezuela
14682,Carabobo FC,Venezuela
15796,Al-Wehdat,Jordan
30031,Génération Foot,Senegal
4727,Dakar UC,Senegal
1840,ASC Jeanne d'Arc Dakar,Senegal
11061,US Gorée,Senegal
43770,Sport Galaxy Dakar,Senegal
28578,Diambars de Saly Dourbel,Senegal
3165,AS Douanes (Dakar),Senegal
1906,US Rail Thies,Senegal
18272,ES Sétif,Algeria
13364,ASO Chlef,Algeria
13366,JS Kabylie,Algeria
8850,MC Algier,Algeria
6772,USM Alger,Algeria
30929,Paradou AC,Algeria
3568,NA Hussein Dey,Algeria
7733,Al-Qadisiya,Kuwait
19401,Bunyodkor Tashkent,Uzbekistan
9685,Genclerbirliyi Sumgayit,Azerbaijan
22010,FK Qabala,Azerbaijan
8841,Xäzär Länkäran,Azerbaijan
13328,PFC Simurq,Azerbaijan
8031,Neftchi Baku,Azerbaijan
10693,FK Baku,Azerbaijan
7489,MPPJ Selangor,Malaysia
15817,Johor Darul Ta'zim FC,Malaysia
20960,CD Plaza Amador,Panama
17522,CD Árabe Unido,Panama
32206,Río Abajo FC,Panama
18952,Chorrillo FC,Panama
11698,San Francisco FC,Panama
9099,FAR Rabat,Morocco
22936,IZK Khémisset,Morocco
30650,CR Al Hoceima,Morocco
6371,FUS Rabat,Morocco
6603,Wydad Casablanca,Morocco
18702,Olympique Khouribga,Morocco
2068,Raja Club Athletic Casablanca,Morocco
3282,MAS Fes,Morocco
9100,Moghreb Tétouan,Morocco
713,BATE Borisov,Belarus
1180,Dinamo Minsk,Belarus
22220,FC Astana,Kazakhstan
10482,Kairat Almaty,Kazakhstan
27116,FK Kukësi,Albania
12460,Flamurtari FC,Albania
3739,KF Teuta,Albania
4040,FK Partizani,Albania
12469,KF Skënderbeu,Albania
8671,KF Vllaznia,Albania
2049,KF Tirana,Albania
8357,Jedinstvo Bijelo Polje,Montenegro
3070,FK Sutjeska Niksic,Montenegro
15551,FK Berane,Montenegro
748,Mogren Budva,Montenegro
10612,SS Pennarossa,San Marino
10155,San Marino Calcio,San Marino
10617,SP Tre Fiori,San Marino
24349,La Fiorita 1967,San Marino
9669,AS Monaco U19,Monaco
9668,AS Monaco B,Monaco
24985,Vittoriosa Stars FC,Malta
8280,Msida St. Joseph FC,Malta
17149,Hamrun Spartans,Malta
23653,Qormi FC,Malta
32125,Mosta FC,Malta
10262,Birkirkara FC,Malta
32768,Gzira United FC,Malta
10603,Floriana FC,Malta
32130,Naxxar Lions FC,Malta
31371,Senglea Athletic FC,Malta
329,Sliema Wanderers,Malta
43571,Don Bosco Moca,Dominican Republic
39637,Zakho FC,Iraq
853,F91 Dudelange,Luxembourg
1257,Jeunesse Esch,Luxembourg
21955,Union Luxemburg,Luxembourg
77,Vardar Skopje,North Macedonia
534,Pelister Bitola,North Macedonia
4641,Rabotnicki Skopje,North Macedonia
19627,Horizont Turnovo,North Macedonia
10791,Renova Dzepciste,North Macedonia
1167,Shkendija Tetovo,North Macedonia
4644,FC Shkupi,North Macedonia
388,Tadamon Sour,Lebanon
5565,AC Tripoli,Lebanon
2716,Planète Champion Ouagadougou,Burkina Faso
10491,Fogape Yaounde,Cameroon
23217,Kadji Sports Academy,Cameroon
4675,Cotonsport de Garoua,Cameroon
42839,Panthère Sportive du Ndé,Cameroon
37764,Renaissance de Ngoumou,Cameroon
6674,Dynamo Douala,Cameroon
26349,Apejes FC de Mfou,Cameroon
24296,Canon Yaoundé,Cameroon
1955,Djoliba AC Bamako,Mali
18208,Centre Salif Keita Bamako,Mali
5286,US Robert,Martinique
10745,Diables Noirs Brazzaville,Congo
14579,ZESCO United FC,Zambia
19700,Masvingo United,Zimbabwe
11720,South China AA,Hongkong
10721,Al Merreikh Omdurman,Sudan
13621,US Bitam,Gabon
13578,FC 105 Libreville,Gabon
5312,AS Mangasport Moanda,Gabon
8474,Horoya AC,Guinea
17780,AS Magenta,Neukaledonien
8428,TP Mazembe,DR Congo
40509,FC Système,DR Congo
28958,FC Lusitanos,Andorra
26326,UE Engordany,Andorra
