Id,Label,League
6499,Daejeon Citizen FC,Other
840,Enosis Neon Paralimni,Other
11419,APIA Leichhardt Tigers,Other
20428,FC United of Manchester,Other
38322,AC Bra,Other
2005,IFK Hässleholm,Other
39850,California Golden Bears (UC Berkeley),Other
30058,AC Nuova Bagnolese,Other
3900,FK Borac Banja Luka,Other
26007,Olímpic Xàtiva,Other
6112,Piast Gliwice,Other
986,Cambridge United,Other
1404,1.FC Saarbrücken II,Other
34346,California Vulcans (University of Pennsylvania),Other
21687,UJA Maccabi Paris Métropole,Other
6168,Barrow AFC,Other
4380,Assyriska FF,Other
15910,Swindon Town U18,Other
8158,OGC Nice B,Other
892,FK Viktoria Zizkov,Other
672,JEF United Chiba,Other
572,Stuttgarter Kickers II,Other
12424,FC Le Mont LS,Other
19684,Jeju United FC,Other
21122,CD Móstoles URJC,Other
13244,Utebo FC,Other
22274,Valle d'Aosta Calcio,Other
11107,Videoton FC,Other
1100,SK Brann,Other
14456,Al-Dhafra SCC,Other
66510,VfV Hildesheim,Other
1267,Manisaspor,Other
4773,Ituano Futebol Clube (SP),Other
159,Red Star Belgrade,Other
9916,Hawks Banjul FC,Other
235,RKC Waalwijk,Other
9154,Yeading FC,Other
55093,Sporting Recco,Other
23253,DNŠ Zavrč,Other
338,Dynamo Kyiv,Other
1028,Millwall FC,Other
3862,VfL Bochum U19,Other
602,Zalgiris Vilnius,Other
4562,Aglianese Calcio 1923,Other
8104,Gaz Metan Medias,Other
44699,NK Istra 1961 II,Other
12458,CD Morón,Other
31267,Luparense FC,Other
534,Pelister Bitola,Other
2598,FK Marila Pribram,Other
11245,UD San Sebastián de los Reyes,Other
380,US Salernitana 1919,Other
12761,LB Châteauroux B,Other
19132,ASD Calcio Pomigliano,Other
3070,FK Sutjeska Niksic,Other
22184,Cremapergo Calcio,Other
8077,US Vibonese,Other
13254,Hearts of Abuja,Other
968,KVC Westerlo,Other
1840,ASC Jeanne d'Arc Dakar,Other
28760,SK Austria Klagenfurt,Other
1033,Valur Reykjavík,Other
10686,Celano FC Marsica,Other
24349,La Fiorita 1967,Other
54359,ASD Troina,Other
6356,Mamelodi Sundowns FC,Other
12460,Flamurtari FC,Other
5163,SSD Città di Brindisi,Other
2566,NK Zadar,Other
3566,NK Smartno 1928,Other
44917,FC International Leipzig,Other
389,Hamburger SV II,Other
27518,AS Sestese Juniores,Other
58049,FC Hermannstadt,Other
1006,Borussia Mönchengladbach II,Other
2975,Tourcoing FC,Other
121,Dinamo Moscow,Other
22013,Desportiva Ferroviária (ES),Other
26722,FC Fondi 1922,Other
2964,Scunthorpe United,Other
12140,Rot-Weiß Darmstadt,Other
2761,FK Haugesund,Other
22197,FC Canavese,Other
14723,CD Ñublense,Other
12863,Siena Berretti,Other
4086,AS Lodigiani,Other
4294,SC Farense,Other
15036,Club de Regatas Vasco da Gama U17,Other
32405,Nacional Esporte Clube Ltda. (MG),Other
34312,Grand View Vikings,Other
8715,Pandurii Targu Jiu ,Other
13222,CD Mirandés,Other
8287,AC Belluno 1905,Other
84,Debreceni VSC,Other
144,HNK Rijeka,Other
12964,SC Braga U19,Other
25218,US Sanvitese,Other
14520,AFC Compiègne,Other
7542,Atlético Colombia,Other
6920,Everton FC U18,Other
132,NAC Breda,Other
15906,Bruk-Bet Termalica Nieciecza,Other
4172,AC Pisa 1909,Other
1693,Londrina Esporte Clube (PR),Other
21218,Dynamo Kyiv II,Other
22781,Associação Atlética Iguaçu (PR),Other
35388,Ríver Atlético Clube (PI),Other
1628,TuS Haltern,Other
6919,FC Bassin d'Arcachon,Other
2395,SC YF Juventus Zürich,Other
2413,Bury FC,Other
3698,Chelmsford City,Other
13744,MFK Zemplin Michalovce,Other
288,Club Estudiantes de La Plata,Other
5584,ASD Astrea,Other
13552,Xiamen Lanshi,Other
19366,Renato Curi Angolana,Other
664,Zamalek SC,Other
22275,AS Bisceglie 1913,Other
16663,FC Valenciennes B,Other
41681,Fenegrò,Other
3945,Sprimont Comblain Sport,Other
26201,Ebolitana Calcio 1925,Other
22277,AC Sambonifacese,Other
720,FC Porto,Other
701,Trelleborgs FF,Other
1519,Dundee United FC,Other
861,CA Peñarol,Other
13366,JS Kabylie,Other
954,SSVg Velbert 02,Other
3631,CF América,Other
44884,AltoVicentino,Other
2725,CD Ourense,Other
844,TSG Dülmen,Other
3055,Basingstoke Town,Other
11121,Dinamo Bryansk,Other
17428,Juventud de Las Piedras,Other
44335,Casalgrandese,Other
24245,Ümraniyespor,Other
4835,New York Cosmos,Other
2311,SK Sigma Olomouc,Other
8146,FC Senec,Other
33774,Rugby Town FC,Other
9735,Chicago Magic,Other
4310,Blyth Spartans AFC,Other
22220,FC Astana,Other
10617,SP Tre Fiori,Other
2778,FC Nordsjaelland,Other
14160,ASD Boca Pietri Carpi,Other
23565,Tampa Bay Rowdies,Other
6321,Vancouver Whitecaps FC,Other
2259,Lokomotiv Plovdiv,Other
52545,KVC Westerlo Reserve,Other
36134,Petrolero de Yacuiba,Other
34767,CS Turnu-Severin,Other
9569,SC Balma,Other
7633,UNAM Pumas,Other
12535,FC Ascona,Other
9829,Southport FC,Other
5615,Alma Juventus Fano 1906,Other
2500,Parramatta Power,Other
1044,Djurgardens IF,Other
2700,Anzhi Makhachkala,Other
7454,Welling United,Other
9439,Feralpisalò,Other
597,SC Borussia Fulda,Other
2036,1.FC Heidenheim 1846,Other
18935,Al-Watani,Other
15115,Club Estudiantes de La Plata U20,Other
13436,RSD Alcalá,Other
4287,Longford Town FC,Other
16251,ASD Nocera Umbra,Other
22063,Castellettese Calcio,Other
26250,ASD Pro Settimo & Eureka,Other
10980,Racing Santander B,Other
7052,CF Villanovense,Other
197,AC Sparta Praha,Other
10789,SC Braga B,Other
6182,Valencia Mestalla,Other
6076,Foolad FC,Other
37463,AC Delta Porto Tolle,Other
385,Fortuna Sittard,Other
14963,AD Adra Milenaria,Other
51301,Ultimate Strikers Academy,Other
13364,ASO Chlef,Other
23360,UF Maconnais,Other
8280,Msida St. Joseph FC,Other
10774,S. O. Châtellerault,Other
15632,Boldklubben Frem U19,Other
9826,Olbia Calcio,Other
7,El Ahly Cairo,Other
468,Sparta Rotterdam,Other
4033,Fermana Calcio 1920,Other
13726,MFK Karvina,Other
34808,ASA Targu Mures II,Other
111,Rot-Weiß Erfurt,Other
3552,BFC Siófok,Other
1829,Instituto AC Córdoba,Other
1894,Hvidovre IF,Other
2038,Sogndal IL,Other
116,FC Aarau,Other
2540,VfV Borussia 06 Hildesheim,Other
2263,Eintracht Bad Kreuznach,Other
5220,GS Ergotelis,Other
18272,ES Sétif,Other
6688,Bilbao Athletic,Other
227,Brown Bears (Brown University),Other
3786,Walton & Hersham FC,Other
3271,FC Maia,Other
1080,Stade Laval,Other
27288,EC Pelotas (RS),Other
365,Spartak Trnava,Other
971,Scarborough Athletic,Other
23560,Kruoja Pakruojis,Other
42839,Panthère Sportive du Ndé,Other
11273,Rodez AF,Other
26119,GS Consolat Marseille,Other
5107,NK Zagreb,Other
10561,VF Colligiana,Other
3610,Seongnam Ilhwa Chunma FC,Other
1497,FC Bihor Oradea,Other
139,Kickers Emden,Other
169,Panionios Athens,Other
7179,CD Tondela,Other
2414,AC Horsens,Other
8031,Neftchi Baku,Other
13651,Club Atlético San Telmo,Other
11310,Slough Town,Other
978,Club de Regatas Vasco da Gama,Other
3654,Kalmar FF,Other
37993,Watford FC U23,Other
2418,FC Arges Pitesti,Other
4771,GC Biaschesi,Other
6609,UD Lanzarote,Other
1286,Club Atlético Newell's Old Boys,Other
2795,Raith Rovers FC,Other
413,LASK,Other
10721,Al Merreikh Omdurman,Other
9690,Bassano Virtus 55 ST,Other
25922,AC Sangiustese,Other
45274,Mumbai City FC,Other
333,Club Atlético Lanús,Other
38720,Unione Fincantieri Monfalcone,Other
99,FC Sachsen Leipzig,Other
859,AC Merlan Lome,Other
2476,NK Ankaran Postojna,Other
2239,US Cremonese,Other
27563,US Borgo a Buggiano 1920,Other
168,Zaglebie Lubin,Other
4569,AC Firenze Rondinella,Other
16640,Club Rápido de Bouzas,Other
8981,Bromley FC,Other
38479,Real Vicenza VS,Other
22188,AC Crema 1908,Other
4030,CD Calahorra,Other
299,Wuppertaler SV Borussia,Other
679,Atlético Paranaense,Other
4959,Otelul Galati,Other
30156,US Changéenne,Other
22034,US Civitanovese,Other
8877,Athletic Eskilstuna,Other
24394,Standard Liège Reserves,Other
253,Torpedo Kutaisi,Other
1043,FC Skonto Riga,Other
10840,AS Nancy-Lorraine B,Other
10643,AC Bellaria Igea Marina,Other
265,Panathinaikos Athens,Other
3385,Panserraikos Serres,Other
7717,FC Issy,Other
3176,Beijing Guoan,Other
43188,FC Viitorul Mihai Georgescu,Other
3325,GD Chaves,Other
3744,Perth SC,Other
311,FC Pohang Steelers,Other
10958,Milan Primavera,Other
6107,Arka Gdynia,Other
22057,Arzanese Calcio,Other
4159,Carrarese Calcio 1908,Other
1284,SC Veendam,Other
28185,CD Cruz Azul Hidalgo,Other
1008,HJK Helsinki,Other
3135,AS Beauvais Oise,Other
4675,Cotonsport de Garoua,Other
7732,Al-Ettifaq,Other
283,1.FC Sand,Other
2227,SK Tavriya Simferopol,Other
1450,Sporting Cristal Lima,Other
11411,FC Banants Yerevan,Other
3536,Rushden & Diamonds (liq.),Other
6593,Universitario de Deportes,Other
10773,RCD Espanyol B,Other
17053,San Fernando Valley Quakes,Other
3687,Uralan Elista,Other
4333,FC Grosseto,Other
4341,AC Savoia 1908,Other
33288,El-Jaish Sports Club,Other
41156,Sporting Bellinzago,Other
10787,CS Marítimo B,Other
16277,Bury FC U18,Other
1274,Stabæk Fotball,Other
811,CF Extremadura,Other
2844,IFK Norrköping,Other
306,SC Heerenveen,Other
221,Santos FC,Other
18720,Rangers de Talca,Other
1112,Wrexham AFC,Other
11337,Foligno Calcio,Other
16656,Clube Atlético Paranaense B,Other
704,Foggia Calcio,Other
1088,Rochdale AFC,Other
46181,Miami United FC,Other
5295,Alemannia Aachen U19,Other
4147,AS Casale Calcio,Other
24794,Chiclana CF,Other
13575,Folkestone Invicta,Other
151,1.FC Kaiserslautern II,Other
3496,Arminia Ludwigshafen,Other
22330,SS Ischia Isolaverde,Other
697,FC Slovan Liberec,Other
1034,Grimsby Town,Other
40912,Mariano Keller,Other
11143,Bishop's Stortford FC,Other
25659,Chukyo High School,Other
7670,SO Cassis Carnoux,Other
33380,TF Croix Daurade,Other
17131,ASM Belfort,Other
8850,MC Algier,Other
25267,US Le Pontet,Other
17836,NK Triglav Kranj,Other
3650,FF Jaro,Other
10107,UR La Louvière Centre,Other
432,Chicago Fire,Other
434,FC Luzern,Other
14543,Grasshopper Club Zürich U18,Other
2796,Woking FC,Other
589,Antalyaspor,Other
17299,Atlético Clube Paranavaí (PR),Other
8494,RCD Mallorca B,Other
8505,Fiorentina Primavera,Other
899,Walsall FC,Other
5312,AS Mangasport Moanda,Other
10717,Histon FC,Other
6981,South Melbourne FC,Other
6992,Chornomorets Odessa,Other
27347,ASD Borgorosso Arenzano,Other
11083,NK Rudes,Other
6142,Cherry Orchard FC,Other
19396,Zulia FC,Other
29904,Tallinna FC Olympic,Other
866,Club Nacional,Other
9231,Veranópolis Esporte Clube (RS),Other
8733,Celta Vigo B,Other
17149,Hamrun Spartans,Other
20960,CD Plaza Amador,Other
19177,Rosetana Calcio,Other
16683,UD Fuerteventura,Other
2238,Jomo Cosmos,Other
33203,Celaya FC,Other
11405,NK Trnje Zagreb,Other
52900,Chisola Calcio ASD,Other
16540,CD Villanueva,Other
3166,Pau FC,Other
537,Botafogo Rio de Janeiro,Other
9202,USL Dunkerque,Other
27683,Vigor Lamezia Youth,Other
63319,Pleudihen-sur-Rance,Other
2553,Kilmarnock FC,Other
2154,Club Atlético Chacarita Juniors,Other
12001,Sampdoria Primavera,Other
58,RSC Anderlecht,Other
13562,Savona FBC,Other
32125,Mosta FC,Other
41756,APD Ribelle 1927,Other
605,Aris Thessaloniki,Other
20907,Nacional Táchira,Other
4053,Ciudad Murcia,Other
2719,Mjällby AIF,Other
46856,ASD Paternò,Other
2441,AEK Athens,Other
2963,Burton Albion,Other
1564,FC Rouen 1899,Other
9710,Dubai Cultural Sports Club,Other
4955,SC Wiedenbrück,Other
2512,FC Miesbach,Other
8908,Carshalton Athletic,Other
19657,Vendsyssel FF,Other
41101,Juventus U23,Other
813,Columbus Crew SC,Other
11141,Toronto FC,Other
37,FK Obilic,Other
10841,AS Nancy-Lorraine U19,Other
4814,Naval 1º de Maio,Other
19171,Sapri Calcio 1928,Other
10442,Unirea Urziceni,Other
2531,Botev Plovdiv,Other
6069,University College Dublin,Other
21506,Junior Team Futebol (PR),Other
4443,SK Sturm Graz II,Other
135,FK Chmel Blsany,Other
7048,Bradford Park Avenue,Other
20955,Gosport Borough FC,Other
4550,Legnano AC,Other
3508,SV Zulte Waregem,Other
1075,SC Braga,Other
23226,Leamington FC,Other
11222,ASC Daco-Getica Bukarest,Other
2727,Oud-Heverlee Leuven,Other
22314,AD Voluntas Spoleto,Other
25638,SR Saint-Dié,Other
666,Real Jaén CF,Other
2330,Karsiyaka,Other
636,Zeleznik Belgrad,Other
8669,Rovigo Calcio,Other
2294,Landskrona BoIS,Other
12666,Atlético Madrid C,Other
44289,Dibba Al-Fujairah,Other
606,Club Polideportivo Ejido,Other
38561,Correggese Calcio 1948,Other
4330,US Sambenedettese,Other
6429,Universitatea Cluj,Other
2703,Alania Vladikavkaz,Other
4421,Lisburn Distillery FC,Other
723,Almere City FC,Other
10755,Riccione,Other
32119,SC Vallée d’Aoste,Other
6697,Preston North End U18,Other
4163,US Fiorenzuola 1922,Other
46201,US Belvedere,Other
2760,Partick Thistle FC ,Other
6939,Portsmouth FC U18,Other
22294,US Viterbese,Other
48977,US Levico Terme,Other
1955,Djoliba AC Bamako,Other
7084,CA Petróleos Luanda,Other
14848,Bologna Primavera,Other
10484,Kasimpasa,Other
6055,ETO FC Győr ,Other
8445,Wellington Phoenix,Other
42394,Galway United FC,Other
2715,RFC Seraing,Other
2790,FC Lugano,Other
10004,Paris FC,Other
26326,UE Engordany,Other
13578,FC 105 Libreville,Other
8579,ASD Manfredonia Calcio,Other
32130,Naxxar Lions FC,Other
12469,KF Skënderbeu,Other
26883,USD Sestri Levante 1919,Other
4152,AC Voghera,Other
7057,Associação Atlética Portuguesa (SP),Other
6930,Manchester City U18,Other
47317,AD Valdinievole Montecatini,Other
11344,Dinamo Batumi,Other
1037,Club Universidad de Chile,Other
10876,FC Gap Hautes Alpes,Other
8517,Genoa Primavera,Other
33966,CSMS Iasi,Other
377,FC Banik Ostrava,Other
97,SG Wattenscheid 09,Other
21027,A.S.D. Cervia 1920,Other
27050,Arzachena Costa Smeralda,Other
2589,SG Sonnenhof Großaspach,Other
31155,ASD Cascina Calcio,Other
2868,Real Madrid C,Other
448,FK Vojvodina Novi Sad,Other
13237,SD Lemona,Other
27564,US Forcoli 1921,Other
16674,Stade Brest 29 B,Other
27913,Berekum Arsenal,Other
11854,Junior FC,Other
943,Yokohama FC,Other
1,1.FC Saarbrücken,Other
1389,AGOVV Apeldoorn,Other
15907,MTK Budapest U19,Other
13353,Club Tijuana,Other
158,VfR Wormatia Worms,Other
3345,Leixões SC,Other
983,TSG 1899 Hoffenheim II,Other
294,SL Benfica,Other
2814,Gillingham FC,Other
3396,Ethnikos Asteras,Other
25637,SO Chambéry,Other
643,Haarlem,Other
16704,FK Krasnodar,Other
12820,US Palermo Youth,Other
50293,ASD DAK,Other
36137,Muravera Calcio,Other
2996,Incheon United FC,Other
94,FC Erzgebirge Aue,Other
688,TSV Aindling,Other
62966,Halifax Town (liq.),Other
28172,Transnet School of Excellence,Other
585,São Paulo Futebol Clube,Other
9206,Arnold Town,Other
1236,Östers IF,Other
4106,Casertana FC,Other
16696,Gyeongnam FC,Other
4338,Alzano Virescit,Other
2323,Orduspor,Other
14847,Treviso Juniores,Other
3708,Barakaldo CF ,Other
14837,Club Atlético River Plate II,Other
46337,Pineto Calcio,Other
3829,CA Fénix,Other
35119,AC Alcanenense,Other
1169,Blau-Gelb Laubsdorf,Other
26132,UE Llagostera,Other
10969,Villa Rio Esporte Clube (RJ),Other
54316,AS Sasso Marconi,Other
1897,FC Hradec Králové,Other
47,Iraklis Thessaloniki,Other
18015,Nîmes Olympique B,Other
1755,Guarani Futebol Clube (SP),Other
2929,CD Toledo,Other
2424,Gil Vicente FC,Other
9645,CA Tiro Federal,Other
46275,San Teodoro,Other
540,Slovan Bratislava,Other
2639,União de Leiria,Other
6984,Once Caldas,Other
161,Al-Wahda FC Abu Dhabi,Other
511,Dundee FC,Other
9899,Real Sociedad B,Other
120,Kocaelispor,Other
1199,Royal Excelsior Virton,Other
6908,Hayes & Yeading FC,Other
17444,SC Wiener Neustadt,Other
42039,Salamanca CF UDS,Other
9858,Cincinnati Riverhawks,Other
266,SV Ried,Other
4059,NS Mura,Other
12816,Lazio Primavera,Other
28801,UKS SMS Lodz U19,Other
1278,União Agrícola Barbarense FC (SP),Other
20844,Real Avilés CF,Other
29733,SD Leioa,Other
43571,Don Bosco Moca,Other
1906,US Rail Thies,Other
26,FC Basel 1893,Other
759,Slask Wroclaw,Other
8816,Dallas Burn,Other
6630,Sanliurfaspor,Other
6808,HSK Zrinjski Mostar,Other
35586,Pierantonio Calcio,Other
7014,Sociedade Esportiva do Gama (DF),Other
798,SBV Excelsior Rotterdam,Other
1220,Carlisle United,Other
5849,Víkingur Reykjavík,Other
2720,CD Olimpia,Other
14831,Club Atlético Boca Juniors II,Other
727,KSV Klein-Karben,Other
33438,AO Episkopi Rethymnou,Other
22251,Santa Lucia,Other
2783,Metalurh Donetsk,Other
829,Omonia Nicosia,Other
6068,Newry City AFC,Other
6763,Club Mantois 78,Other
260,FC Zürich,Other
3613,Chester City (diss.),Other
22709,SSD Cynthia 1920,Other
6248,NK Domzale,Other
2502,CD Castellón,Other
30444,Vendée Luçon Football,Other
20,Bursaspor,Other
895,AS Cannes,Other
30204,Annecy FC,Other
7074,Politehnica Timisoara ,Other
2420,Vitória Guimarães SC,Other
27001,AC Sporting Cecina,Other
9961,Deportivo Cali,Other
218,San Jose Earthquakes,Other
3010,CF Gavà,Other
4085,AS Fidelis Andria,Other
152,Samsunspor,Other
1191,Falkirk FC,Other
204,Lierse SK,Other
4146,Pro Patria Gallaratese GB,Other
4630,Al Sailiya Sport Club,Other
498,KSC Lokeren,Other
2477,Karpaty Lviv,Other
2454,Doncaster Rovers,Other
1978,FC Wohlen,Other
14503,CD 1º de Agosto,Other
5502,Grasshopper Club Zürich U21,Other
11596,AD Alcorcón,Other
10744,Palamós CF,Other
3277,CD Universidad Católica,Other
12181,San Fernando CD,Other
30443,Monts d'Or Azergues Foot,Other
8152,RC Lens B,Other
5594,Portadown FC,Other
634,MTK Budapest,Other
20132,Clube Atlético Linense (SP),Other
301,Steaua Bukarest,Other
6450,Wuhan Zall,Other
293,FSV Frankfurt,Other
77,Vardar Skopje,Other
28904,AC Bastia 1924,Other
34138,AC Loanesi San Francesco,Other
28956,AEL Kalloni,Other
3828,Yokohama F. Marinos,Other
10534,Nueva Chicago,Other
9228,AS Castelnuovo,Other
581,Club Sportif Sfaxien,Other
21402,Zamudio SD,Other
5771,Levadia Tallinn,Other
53283,CD El Ejido 2012,Other
3393,Doxa Katokopias,Other
11033,NK Aluminij Kidricevo,Other
4558,AC Martina 1947,Other
48933,USD Scanzorosciate,Other
856,SV Mattersburg,Other
5120,América Futebol Clube (SP),Other
531,Caracas FC,Other
4150,AC Cuneo 1905,Other
9261,Everton FC U21,Other
26340,Paganese Berretti,Other
27695,Stade Auxerre,Other
26765,Wexford FC,Other
3705,Algeciras CF,Other
24985,Vittoriosa Stars FC,Other
15466,Sport Club Internacional B,Other
1219,Chesterfield FC,Other
1549,Julius Berger Lagos,Other
1118,Örgryte IS,Other
11006,NK Interblock Ljubljana,Other
2253,SEF Torres 1903,Other
23070,Stalybridge Celtic FC II,Other
26392,Jeunesse Club d'Abidjan,Other
23624,VfB Ginsheim,Other
9816,Forlì FC,Other
2455,Bristol Rovers,Other
1078,Oldham Athletic,Other
6621,FK Cukaricki,Other
4770,ND FC Ljubljana,Other
7020,CD Everton,Other
11133,Tampereen Peli-Pojat-70,Other
25380,Deportivo Lara,Other
47264,Vallicisa 2000 Gs Succisa,Other
50,LR Ahlen,Other
1444,Racing Club,Other
128,Skoda Xanthi,Other
3207,Boluspor,Other
2293,Konyaspor,Other
27543,Rosignano Sei Rose,Other
9260,Charlton Athletic U21,Other
874,Ipiranga Futebol Clube (MG),Other
9614,Östersunds FK,Other
8737,Kmita Zabierzów,Other
22936,IZK Khémisset,Other
3785,Maccabi Petah Tikva,Other
156,Levski Sofia,Other
2440,D.C. United,Other
22563,Oxford City FC,Other
43388,ASD Genova Calcio,Other
108,SV Wehen,Other
10745,Diables Noirs Brazzaville,Other
3772,AFC Tubize,Other
12944,Sant'Antonio Abate,Other
255,Legia Warszawa,Other
26803,US Carrarese Berretti,Other
5619,Aalesunds FK,Other
46157,Lentigione Calcio,Other
5515,Solbiatese Arno Calcio,Other
38967,AFC Bournemouth U21,Other
31727,FC Dender,Other
2362,Slaven Belupo Koprivnica,Other
16879,Chicago Fire Premier,Other
3461,Larne FC,Other
938,FC Thun,Other
5287,Chernomorets Novorossijsk,Other
1063,Viborg FF,Other
17425,CD La Equidad Seguros SA,Other
7411,Jönköpings Södra IF,Other
11961,FC Aprilia Racing Club,Other
31371,Senglea Athletic FC,Other
5174,FC Pavia 1911,Other
11915,Llanelli AFC,Other
6079,Persepolis FC,Other
12745,AS Saint-Étienne U19,Other
2576,Fylkir Reykjavík,Other
39001,MapelloBonate Calcio,Other
45837,Atletico Uri,Other
14909,Ascoli Picchio Primavera,Other
8512,FC Paris Saint-Germain B,Other
26370,Pro Vercelli Berretti,Other
4148,ASDC Borgomanero,Other
9094,Masry Port Said,Other
13603,Heart of Lions Kpando,Other
3172,CS Visé,Other
34913,Calcara Samoggia,Other
14821,Pisa Berretti,Other
7207,Vittoria Calcio,Other
8841,Xäzär Länkäran,Other
6363,Audax Italiano,Other
6683,Canvey Island,Other
10880,CS Sedan-Ardennes B,Other
12405,Real Unión Club,Other
3080,Heidelberg United,Other
62,SK Slavia Prag,Other
3876,Mirassol Futebol Clube (SP),Other
1511,Akcaabat Sebatspor,Other
354,KV Mechelen,Other
56080,29 de Setiembre F.B.C,Other
9607,Harlow Town,Other
6500,FC Seoul,Other
16948,Ventura County Fusion,Other
2524,Al-Jazira (Abu Dhabi),Other
22130,Abano Calcio,Other
683,Olympiacos Piraeus,Other
2677,CS Herediano,Other
18544,Al-Nassr FC,Other
17659,Esporte Clube Juventude B,Other
34499,US Pianese,Other
4297,Varzim Sport Club,Other
26871,US Avranches,Other
18702,Olympique Khouribga,Other
1022,Cerezo Osaka,Other
5570,The Strongest La Paz,Other
21241,APOEL Nikosia U21,Other
1751,América Futebol Clube (RN),Other
4857,De Tubanters 1897,Other
2180,AA La Louviere,Other
16576,CD Guadalajara,Other
4097,US Catanzaro,Other
20519,Virtus Entella,Other
26468,Deportivo La Guaira,Other
177,Eintracht Frankfurt II,Other
14682,Carabobo FC,Other
46297,ASD Villabiagio,Other
16220,Resende Futebol Clube (RJ),Other
187,1.FC Magdeburg,Other
9562,Petershill FC,Other
11282,Alanyaspor,Other
11590,Gernika Club,Other
58696,ASD Ceriale,Other
3793,Beitar Jerusalem,Other
26955,USD Olginatese,Other
38456,UE Olot,Other
15551,FK Berane,Other
3899,Anorthosis Famagusta,Other
6056,Kaposvári Rákóczi FC,Other
8457,Shonan Bellmare,Other
17780,AS Magenta,Other
37169,Puskás Akadémia FC,Other
3716,Newport County,Other
30267,ES Pennoise,Other
232,Spartak Moscow,Other
15100,Asociación Atlética Argentinos Juniors U20,Other
239,Viking Stavanger,Other
51514,Ferrini Cagliari,Other
3896,Granada 74 CF,Other
23212,Rapid de Menton,Other
4557,Club Ferro Carril Oeste,Other
2517,VfB Stuttgart U19,Other
24296,Canon Yaoundé,Other
208,CSKA Sofia,Other
27198,ASD HinterReggio Calcio,Other
1070,Club Atlético Colón,Other
13607,Liberty Professionals Accra,Other
6144,GD Ribeirão,Other
4040,FK Partizani,Other
6932,Charlton Athletic U18,Other
403,Willem II Tilburg,Other
4772,NK Olimpija Ljubljana,Other
2155,FC Biel-Bienne,Other
6689,CF Gandía,Other
7769,CFR Cluj,Other
724,FC Volendam,Other
21688,US Concarneau,Other
710,NK Celje ,Other
6640,Club Bruges U19,Other
16104,FC Copenhagen U19,Other
1804,Deportivo Toluca,Other
1165,FC Martigues,Other
9252,Liverpool FC U23,Other
6642,CD Chivas USA,Other
38757,Victorian Institute of Sport,Other
2919,Calcio Monza,Other
565,SV Viktoria Aschaffenburg,Other
40843,FC Voluntari,Other
2979,Bendel Insurance,Other
31255,SS Akragas Città dei Templi,Other
9840,Al-Shabab Riyadh,Other
1263,SC Weyhe,Other
16492,UD Melilla,Other
4254,ASD Real Giulianova,Other
6943,Newcastle United U18,Other
16214,Al-Wasl Sports Club,Other
11376,CF Braila,Other
7918,AS Trencin,Other
2150,Al-Ain FC,Other
4553,US Pergolettese 1932,Other
22035,Faenza Calcio,Other
429,Apollon Limassol,Other
6933,Aston Villa U18,Other
4095,AC Trento ,Other
21568,La Roda CF,Other
34888,Salford City,Other
9937,FK Donji Srem Pecinci,Other
34119,UD Maracena,Other
2209,FK Borac Cacak,Other
4271,US Triestina,Other
4529,DAC Dunajska Streda,Other
16575,SD Amorebieta,Other
12672,Club Almirante Brown,Other
46147,CD Barco,Other
3937,FC Merthyr Town,Other
21852,Bluebell United AFC,Other
11992,Western Province United,Other
12130,Torino Primavera,Other
9353,Cisco Roma,Other
9218,Enppi Club,Other
629,Olimpia Asunción,Other
16996,Hellas Verona Primavera,Other
388,Tadamon Sour,Other
6603,Wydad Casablanca,Other
7656,Sportivo Luqueño,Other
12605,Real Balompédica Linense,Other
6414,Metalist Kharkiv,Other
22038,Selargius Calcio,Other
15172,AC Goianiense (GO),Other
4111,Rimini FC,Other
6922,Liverpool FC U18,Other
13297,Deportivo Táchira,Other
2804,Barnet FC,Other
90,SV Babelsberg 03,Other
209,Club Atlético River Plate,Other
422,Wisla Kraków,Other
10331,FC Porto B,Other
1418,Club Atlético Rosario Central,Other
447,HNK Hajduk Split,Other
2944,Ankaraspor,Other
2241,Kashima Antlers,Other
45275,FC Pune City,Other
2936,Africa Sports,Other
11698,San Francisco FC,Other
272,AIK,Other
22409,Cavese Juniores,Other
189,Club Atlético Boca Juniors,Other
3732,Hellerup IK,Other
1060,Colchester United,Other
25745,Needham Market FC,Other
2962,Altrincham FC,Other
45961,Hartley Wintney FC,Other
2745,Polonia Warsaw,Other
17194,Mineros de Guayana,Other
23052,ASD Sarzanese Calcio,Other
29228,Royal Excel Mouscron ,Other
68,SSV Reutlingen 05,Other
40192,USD Caravaggio,Other
6,Adanaspor,Other
5543,Chieti Calcio,Other
2575,Clyde FC,Other
3318,Racing Club de France football Colombes 92,Other
5587,AC Juve Stabia,Other
3697,Morecambe FC,Other
1180,Dinamo Minsk,Other
11422,CE Sabadell,Other
20406,Reggiana Berretti,Other
4078,Montreal Impact,Other
3349,CD Feirense,Other
1301,CS Marítimo,Other
114,Besiktas JK,Other
440,Hallescher FC,Other
279,Ferencvárosi TC,Other
1253,AS Lucchese Libertas,Other
409,Red Bull Salzburg,Other
15952,Unión San Felipe,Other
2716,Planète Champion Ouagadougou,Other
4321,Unión Española,Other
902,FK Rad,Other
7169,AC Carpenedolo,Other
11972,Villarreal CF B,Other
30031,Génération Foot,Other
1464,Borussia Dortmund U19,Other
1455,FC Dordrecht,Other
3751,RFC Tournai,Other
12804,Crewe Alexandra U18,Other
1247,Colorado Rapids,Other
4104,FC Esperia Viareggio,Other
13243,Universidad de Las Palmas,Other
1096,Royal Antwerp FC,Other
7124,US Quevilly-Rouen Métropole,Other
46777,New York Cosmos B,Other
6684,Gainsborough Trinity,Other
4947,Sepahan FC,Other
16087,Football Club de Vesoul,Other
1622,FC Viktoria Köln,Other
9902,Le Poiré-sur-Vie VF,Other
2410,CSKA Moscow,Other
21168,Wisconsin Badgers (University of Wisconsin),Other
384,MVV Maastricht,Other
13240,Sestao River,Other
67015,Angelo Baiardo,Other
5870,Ölstykke FC,Other
46664,Cjarlins Muzane,Other
22359,Sangimignano Sport,Other
19114,Sassuolo Primavera,Other
495,FC Starnberg,Other
7917,Malmö FF U19,Other
68006,Hadley FC,Other
16196,UE Cornellà,Other
2481,Sheriff Tiraspol,Other
8533,Sichuan FC,Other
444,Boldklubben Frem,Other
2802,Airdrie United FC,Other
8568,AD Ceuta,Other
8820,Hampton & Richmond Borough,Other
4482,Volyn Lutsk,Other
20236,Montañeros CF,Other
5286,US Robert,Other
9528,AC Montichiari,Other
4774,Chiapas FC,Other
8588,CF La Unión,Other
11998,Atalanta Primavera,Other
2275,Turun Palloseura,Other
18687,Atlético Baleares,Other
2776,NK Kamen Ingrad Velika,Other
3463,Glenavon FC,Other
501,FK Bodø/Glimt,Other
789,NK Rudar Velenje,Other
503,VfB Admira Wacker Mödling,Other
2922,CD Onda,Other
13328,PFC Simurq,Other
22283,Vivi Altotevere Sansepolcro,Other
43993,ASD Romagna Centro,Other
2068,Raja Club Athletic Casablanca,Other
7968,Racing Strasbourg B,Other
34649,GSD RapalloBogliasco,Other
10161,Leeds United U18,Other
31843,Clube Esportivo Lajeadense (RS),Other
7678,Sportfreunde Seligenstadt,Other
1029,Club Atlético Vélez Sarsfield,Other
2578,St. Johnstone FC,Other
25033,AS Marck,Other
15066,Hércules CF B,Other
3521,FK Zemun,Other
18457,FE Figueres,Other
56729,TVEC Les Sables,Other
12278,AC Le Havre U19,Other
8023,Al-Ittihad Jeddah,Other
9241,Diósgyőri VTK,Other
10317,HNK Zmaj Makarska,Other
1785,Santa Cruz Futebol Clube (PE),Other
11713,Pomezia Calcio,Other
11855,Club Guaraní,Other
5313,Vauban Strasbourg,Other
8935,USI Lupo-Martini Wolfsburg,Other
541,SC Austria Lustenau,Other
965,Qatar Sports Club,Other
26251,US Folgore Caratese,Other
6502,Jeonbuk Hyundai Motors FC,Other
3454,Kingstonian FC,Other
9715,PSV Eindhoven U21,Other
33752,Valle Grecanica,Other
4603,AE Larisa,Other
5432,Al-Nasr (Dubai),Other
1079,Liaoning FC,Other
29842,Concord Rangers ,Other
3319,Sampaio Corrêa Futebol Clube (MA),Other
9212,Galway United FC (liq. 2011),Other
29095,Extremadura UD,Other
2726,Paniliakos Pyrgos,Other
14925,Vicenza Primavera,Other
5372,Eintracht Frankfurt U19,Other
5866,Brönshöj Boldklub,Other
2671,PAS Giannina,Other
982,CD Nacional,Other
51663,Atlanta United FC,Other
3973,Brasiliense FC (DF),Other
649,Szombathelyi Haladás,Other
3233,Pécsi MFC,Other
56089,Minnesota United FC,Other
19488,FK Proleter Novi Sad,Other
1462,FC Bayern Munich U19 ,Other
21842,Aparecida Esporte Clube (GO),Other
25737,Virtus Castelfranco,Other
10603,Floriana FC,Other
1074,Tranmere Rovers,Other
669,FK Partizan Belgrade,Other
6351,Sangiovannese 1927,Other
32480,NK Istra 1961 U19,Other
10867,FC Béziers Méditerranée,Other
2371,1.FC Kaiserslautern U19,Other
9669,AS Monaco U19,Other
26345,Taranto Juniores,Other
12583,Iraty Sport Club (PR),Other
13839,Unirea Alba Iulia,Other
4352,Daytona Beach Eagles,Other
11000,CD Lugo,Other
2573,FK Zeljeznicar Sarajevo,Other
44326,AC Vigasio,Other
11382,HK Kópavogs,Other
175,FK Lyn,Other
5405,FK Sloboda Tuzla,Other
4153,L'Aquila Calcio,Other
4277,Drogheda United FC,Other
668,Sportfreunde Lotte,Other
22338,Terracina Calcio 1925,Other
8824,Sheffield United U23,Other
23562,Tauras Taurage,Other
3721,Alfreton Town,Other
10511,Club Atlético San Martín (SJ),Other
1115,Barry Town,Other
10761,Al-Jamahiriyah,Other
17830,AS Denguélé d’Odienné,Other
6681,Viribus Unitis,Other
9249,Arsenal FC Reserves,Other
12361,Marbella FC,Other
475,Sint-Truidense VV,Other
2805,Wycombe Wanderers,Other
25342,San Nicolò Calcio Teramo,Other
1059,Hammarby IF,Other
1111,KSC Eendracht Aalst,Other
19168,Città di Gragnano,Other
8372,Zaglebie Lubin II,Other
9259,Bolton Wanderers U23,Other
12819,Napoli Primavera ,Other
17768,AS Lyon-Duchère,Other
6163,FK Senica,Other
46145,Badesse Calcio,Other
40090,FK Kauno Zalgiris,Other
2967,Besançon Racing Club ,Other
309,Paraná Clube,Other
4727,Dakar UC,Other
269,Holstein Kiel,Other
18546,CS Louhans-Cuiseaux B,Other
3739,KF Teuta,Other
2510,TSV 1860 München U19,Other
1326,Chongqing Lifan,Other
15136,Vitória Guimarães SC B,Other
29793,Cardiff City U23,Other
5817,SönderjyskE,Other
2254,AC Pro Sesto,Other
601,KV Kortrijk,Other
38290,Pro Piacenza 1919,Other
18232,Sporting Fingal,Other
3494,KRC Genk U19,Other
11688,Giresunspor,Other
9253,Newcastle United U23,Other
609,Cruzeiro Esporte Clube,Other
5299,FC Basel 1893 U21,Other
37208,CS Flacara Faget,Other
6043,Anagennisi Derynias,Other
1017,Hapoel Tel Aviv,Other
15817,Johor Darul Ta'zim FC,Other
15414,Sportivo Belgrano (San Francisco),Other
3813,Spennymoor United,Other
26780,Prato Youth,Other
27472,ASD Villafranca Veronese,Other
3054,Shrewsbury Town,Other
21955,Union Luxemburg,Other
3205,Kayserispor,Other
10118,Sorrento 1945,Other
1189,St. Patricks Athletic,Other
4324,Imolese Calcio 1919,Other
22046,Venturina Calcio,Other
3282,MAS Fes,Other
26781,Gubbio Berretti,Other
12020,Harrogate Town,Other
39711,ACD Campodarsego,Other
1161,FC Chamois Niort,Other
6632,Kashiwa Reysol,Other
1881,Terrassa FC,Other
24384,Itala San Marco Gradisca,Other
767,SV Lippstadt 08,Other
38489,Sporting Club Trestina,Other
420,RNK Split,Other
9141,S.E.R. Caxias do Sul (RS),Other
62346,Sant'Anastasia,Other
1072,Peterborough United,Other
1270,Dunfermline Athletic FC,Other
5378,Vasas SC,Other
11959,Issia Wazi FC,Other
46619,ASD Arzignano Valchiampo,Other
3649,Bangor City FC,Other
5177,ACD Trissino Valdagno,Other
12331,Sporting de Gijón B ,Other
3544,FK Smederevo,Other
85,SV Waldhof Mannheim,Other
3688,Accrington Stanley,Other
12853,FC Villarreal C,Other
78,VfB Lübeck,Other
37825,Shakhtar 3 Donetsk,Other
14649,Boyacá Chicó FC,Other
1106,Club de Gimnasia y Esgrima La Plata,Other
22149,Associação Maga Esporte Clube (SC),Other
2079,PAE Veria,Other
10871,Rio Branco Football Club (AC),Other
7170,Igea Virtus Barcellona,Other
2925,FC Lahti,Other
34559,La Hoya Lorca CF,Other
39722,Büyüksehir Belediye Erzurumspor,Other
9267,West Ham United U23,Other
12292,Indios de Ciudad Juárez,Other
1076,Esteghlal FC,Other
18031,NK Maribor  U19,Other
920,Derry City,Other
4641,Rabotnicki Skopje,Other
38701,NFC Orlandina,Other
24898,AC Renate,Other
9211,Bohemian Football Club Dublin,Other
17,Borussia Dortmund II,Other
104,SV Eintracht Trier 05,Other
49880,Virtus Volla,Other
6081,Zob Ahan Esfahan,Other
51772,FC Cincinnati,Other
37882,Aurora Seriate,Other
53,OFK Beograd,Other
63,Sportfreunde Siegen,Other
2470,FC Barcelona U19,Other
22200,ASD Imperia 1923,Other
854,Korea University,Other
13509,Al-Wakrah Sports Club,Other
17584,CD Universidad Católica,Other
5662,Puebla FC,Other
13711,Real Madrid U17,Other
18026,FC Twente Enschede U21,Other
51017,SSCD Granata 1924,Other
559,FV Speyer,Other
26097,Gsd Nuova Tor Tre Teste,Other
27340,Acqui US 1911,Other
20735,New South Wales Institute of Sport,Other
11927,Burgess Hill Town,Other
176,Amica Wronki,Other
617,TuS Lingen (liq.),Other
10959,Udinese Primavera,Other
41232,La Storta,Other
9855,LDU Quito,Other
1260,SV Erzhausen,Other
10707,US Tor di Quinto,Other
553,Ionikos Nikeas,Other
4787,Dunaferr SE,Other
17301,CD Ferriolense,Other
29251,USD Virtusvecomp Verona,Other
11204,Stade Reims B,Other
15064,Guaratinguetá Futebol Ltda. (SP),Other
7671,USC Corte,Other
2351,Deportes Quindío,Other
45347,USD Ciserano,Other
26571,US Sarre-Union,Other
2952,FC Sopron,Other
1293,Tromsø IL,Other
3426,Esbjerg fB,Other
4339,Montevarchi Calcio Aquila 1902,Other
38391,Fontanafredda,Other
642,De Graafschap Doetinchem,Other
23956,Airdrieonians (liq.),Other
3274,AD Ovarense,Other
29990,West Bromwich Albion U23,Other
1826,Quilmes Atlético Club,Other
8678,UDA Gramenet,Other
21941,AS Fokikos Amfissas,Other
4035,CF Pachuca,Other
1098,Stockport County,Other
19918,Lecco Giovanili,Other
875,Adelaide United,Other
8519,Sevilla FC B,Other
36819,US Agropoli 1921,Other
8241,SC Schiltigheim,Other
16650,ASA Tirgu Mures,Other
50405,Folgore Veregra,Other
2794,Havant & Waterlooville FC,Other
1230,Al Arabi Sports Club,Other
3182,Shandong Luneng Taishan,Other
11843,Rozwój Katowice,Other
2817,Strømsgodset IF,Other
994,Hassia Bingen,Other
3021,Arbroath FC,Other
9030,Botafogo Futebol Clube (SP),Other
370,Aberdeen FC,Other
27462,AC Este 1920,Other
2930,Enugu Rangers IFC,Other
445,Herfölge Boldklub,Other
3831,Coleraine FC,Other
11609,SK Austria Kärnten,Other
3038,RSC Anderlecht U19,Other
6066,Dundalk FC,Other
7098,Club Nacional Asunción,Other
6536,CD Palestino,Other
50358,ASD Lanusei Calcio,Other
4167,USD 1913 Seregno Calcio,Other
9099,FAR Rabat,Other
170,Rapid Vienna,Other
51828,Los Angeles FC,Other
1045,Notts County,Other
6110,Korona Kielce,Other
9368,Free State Stars,Other
21253,FK Akademik Sofia,Other
12588,Gimnástica Torrelavega,Other
1784,Mogi Mirim Esporte Clube (SP),Other
10690,Zorya Luhansk,Other
1306,Danubio FC,Other
5380,Inter Milan Primavera,Other
1257,Jeunesse Esch,Other
33600,Huracán Valencia CF,Other
1448,Poggese Calcio,Other
5649,Málaga CF B,Other
15448,Politehnica Timisoara B,Other
13241,UD Ibiza,Other
5724,Randers FC,Other
2156,AEK Larnaca,Other
56059,ASD Voltrese Vultur,Other
9962,1.SC Norderstedt,Other
12824,SC Feignies,Other
991,Wimbledon FC,Other
2582,Pusan I'Cons,Other
7609,Waterford FC,Other
24361,Alghero 1945,Other
15947,Dinamo Bukarest II,Other
1461,1.FC Köln U19,Other
2670,Ethnikos Piraeus,Other
8652,Comercial Futebol Clube (SP),Other
28078,Boca San Lazzaro,Other
8172,Atlético Nacional,Other
2402,Defensa y Justicia,Other
5689,Cracovia Kraków,Other
250,Etoile Sportive du Sahel,Other
10868,US Orléans 45,Other
11516,Levante UD B,Other
568,Kaizer Chiefs,Other
2672,APO Levadiakos,Other
7409,ASD Vastese Calcio 1902,Other
11755,CSKA Moscow II,Other
11008,Juventus Primavera,Other
22673,Bridlington Town FC,Other
6890,Istanbul Basaksehir ,Other
13278,FC Tiraspol,Other
1434,Stormvogels Telstar,Other
4103,AC Lumezzane,Other
9540,Santos FC U20,Other
54575,AC Fanfulla 1874,Other
3822,Weymouth FC,Other
10330,SL Benfica B,Other
499,Vitesse Arnhem,Other
3909,Shelbourne FC,Other
22878,Rio Branco Esporte Clube (SP),Other
8510,Getafe CF B,Other
20968,F.S. Sestrese Calcio 1919,Other
28559,CA Bastia,Other
467,NEC Nijmegen,Other
4941,Club León FC,Other
38040,Al Ittihad Kalba Sports Club,Other
31044,Cuoiovaldarno,Other
51031,Polisportiva Bucinese,Other
11179,Halesowen Town,Other
27049,CS Scandicci 1908,Other
1177,Silkeborg IF,Other
3134,KFC VW Hamme,Other
1701,FC Felgueiras 1932,Other
12567,CD Eldense,Other
15055,Figueirense Futebol Clube U17,Other
6503,Chunnam Dragons,Other
6297,Al Gharafa Sports Club,Other
28095,FK Ufa,Other
13238,SD Noja,Other
6674,Dynamo Douala,Other
851,1.FSV Mainz 05 II,Other
8516,CA Osasuna B,Other
32650,AAD Vitória das Tabocas (PE),Other
1053,Aalborg BK,Other
1435,Go Ahead Eagles Deventer,Other
3724,Hednesford Town,Other
8178,Entente SSG,Other
4313,HB Tórshavn,Other
6361,Podbeskidzie Bielsko-Biala,Other
4747,Anadia FC,Other
16671,SC Amiens B,Other
8054,Sydney FC,Other
2283,Vasalunds IF,Other
645,Enyimba Aba,Other
30157,AS Cagnes-Le Cros Football,Other
13621,US Bitam,Other
33304,Dalian Yifang,Other
7097,Club Atlético Unión (Santa Fe),Other
452,BSC Young Boys,Other
3471,Linfield FC,Other
1322,FK Jablonec,Other
18952,Chorrillo FC,Other
8463,FC Rapperswil-Jona,Other
254,SV Sandhausen,Other
4786,Dukla Banska Bystrica,Other
43543,AS Fabrègues,Other
50100,SC Ligorna 1922,Other
362,Akademisk Boldklub,Other
6699,Exeter City,Other
1277,FC Schaffhausen,Other
22219,Jiangsu Suning,Other
8758,Diagoras Rodou,Other
18258,Exeter City U18,Other
10407,Luzenac AP,Other
1443,MSK Zilina,Other
83,VfR Aalen,Other
3060,Atromitos Athen,Other
1175,LB Châteauroux,Other
3936,Dover Athletic,Other
336,Sporting CP,Other
22041,AS Pescina Valle del Giovenco,Other
23637,Scarborough FC (diss.),Other
7197,Potenza Calcio,Other
13499,Astra Giurgiu,Other
71,Stuttgarter Kickers,Other
2759,Ross County FC,Other
6631,FC Tokyo,Other
2035,Avaí Futebol Clube (SC),Other
3239,Unió Esportiva Lleida,Other
9251,Manchester United U23,Other
3938,Club Atlético Talleres,Other
9597,Avispa Fukuoka,Other
2843,GIF Sundsvall,Other
10031,Nuorese Calcio,Other
20857,Hapoel Raanana,Other
7178,Criciúma Esporte Clube,Other
2503,Boavista Porto FC,Other
10820,AJ Auxerre B,Other
7078,Real Valladolid B,Other
22534,SSD Sangiorgese Calcio 1922,Other
4093,Taranto FC 1927,Other
2067,US Créteil-Lusitanos,Other
12717,Club Athlétique Bizertin,Other
9010,FCV Dender EH,Other
443,Vejle Boldklub,Other
3999,PAS Lamia 1964,Other
49430,AZ Picerno,Other
5407,Sports Réunis Colmar,Other
10670,AS Melfi,Other
29148,Tianjin Teda Reserves,Other
2403,Montevideo Wanderers,Other
14926,Perugia Primavera,Other
2300,Jagiellonia Bialystok,Other
29301,Beijing BSU,Other
22045,US Latina Calcio,Other
5560,BSV Schwarz-Weiß Rehden,Other
3178,Dalian Shide,Other
2968,FC Libourne-Saint-Seurin,Other
28643,Waasland-Beveren,Other
6326,Paris Saint-Germain U19,Other
10748,US Castelnuovo Garfagnana,Other
3824,Dorchester Town,Other
30891,Tarbes Pyrénées Football,Other
3015,Annan Athletic FC ,Other
129,SG Dynamo Dresden,Other
8174,FC Vaslui,Other
715,FC Bohemians Prag 1905,Other
9168,Houston Dynamo,Other
15541,Al-Ahli Dubai Club,Other
3559,Toulouse Fontaines Club,Other
1467,Göztepe,Other
10910,Blackpool Mechanics,Other
16646,UP Langreo,Other
619,CS Louhans-Cuiseaux 71,Other
6105,FC Ashdod,Other
3957,TuS Dornberg,Other
12414,Dnipro Dnipropetrovsk II,Other
2737,Saturn Ramenskoe,Other
11900,Mixto Esporte Clube (MT),Other
26772,ACD Grifoponte Torgiano,Other
74,TSV Schwabmünchen,Other
10679,Club Atlético Bella Vista,Other
2436,Macclesfield Town,Other
26365,Nissa FC,Other
10825,FC Sochaux-Montbéliard B,Other
11215,FK Olimpik Sarajevo ,Other
3711,CD Cruz Azul,Other
47028,FC Windsor,Other
709,Budapest Honvéd FC,Other
12351,CD Linares,Other
952,UTA Arad,Other
419,GNK Dinamo Zagreb,Other
32840,Inter Allies FC,Other
3229,Al Rayyan Sports Club,Other
2697,Sanfrecce Hiroshima,Other
1304,Heracles Almelo,Other
4515,US Poggibonsi,Other
8474,Horoya AC,Other
25008,GS Rondinella Calcio,Other
22619,SS Milazzo,Other
2439,Kuban Krasnodar,Other
16651,Associação Portuguesa de Desportos (SP) B,Other
43310,SK Vysoké Mýto,Other
10732,Watford FC U18,Other
1218,Torquay United FC,Other
10663,Liverpool FC Montevideo,Other
12602,Clube Recreativo e Atlético Catalano (GO),Other
7047,Maidstone United,Other
22257,Orvietana Calcio,Other
17489,Llaneros de Guanare EF,Other
2618,Olympique Alès,Other
2824,Ajax Amsterdam U19,Other
3691,Tom Tomsk,Other
6767,Real Madrid Castilla,Other
30612,US Saint-Malo,Other
1109,BK Häcken,Other
24219,Stoke City U21,Other
10693,FK Baku,Other
11177,Fleetwood Town,Other
34347,FC Castiglione,Other
1170,FC Dieppe,Other
6418,Panetolikos GFS,Other
27527,ASD Sporting Terni,Other
1085,Vitória Setúbal FC,Other
3523,Barcelona SC Guayaquil,Other
3776,Rovaniemen Palloseura,Other
1103,Ternana Calcio,Other
4548,US Ivrea Calcio,Other
43396,Polisportiva Tirreno,Other
4096,AP Turris Calcio,Other
10838,SAS Epinal,Other
2696,Krylya Sovetov Samara,Other
853,F91 Dudelange,Other
45618,SL Benfica U17,Other
26312,Pas Teheran,Other
21331,AS Pordenone Calcio,Other
594,Portland Pilots (University of Portland),Other
2262,Plymouth Argyle,Other
101,Tennis Borussia Berlin,Other
17707,US Jeanne d'Arc Carquefou,Other
7679,TSV Buchbach,Other
6340,Braintree Town,Other
11367,US Alençon,Other
11259,CD Alcoyano,Other
2571,Roanoke Star,Other
20698,Balikesirspor,Other
19365,Polisportiva Castellarano Calcio,Other
330,Clube Atlético Mineiro,Other
4541,UC AlbinoLeffe,Other
4326,AS Gubbio 1910,Other
8718,Sport Club do Recife,Other
5546,FK Mladá Boleslav,Other
3717,Aldershot Town,Other
30650,CR Al Hoceima,Other
4556,Arminia Bielefeld U19,Other
8380,Cagliese Calcio,Other
999,NK Istra 1961,Other
6880,Tacuary Fútbol Club,Other
24434,CD Lagun Onak,Other
13285,US Caravaggese,Other
23088,Airbus UK Broughton FC,Other
3391,AO Kavala,Other
25467,Philadelphia Union,Other
979,Moreirense FC,Other
30739,Dainava Alytus,Other
69,SSV Ulm 1846,Other
3342,Esperance Tunis,Other
16122,Arenas Club,Other
9187,Rydaholm GoIF,Other
8515,AS Saint-Étienne B,Other
8817,Ajax Amsterdam U21,Other
23206,Entente sportive Uzès Pont du Gard,Other
3679,Atlético Madrid B,Other
1101,IF Elfsborg,Other
6907,Lobi Stars,Other
2931,South Coast Wolves FC,Other
3958,Vissel Kobe,Other
13501,Morro d'Oro Calcio,Other
1242,NK Siroki Brijeg,Other
18916,Guangzhou R&F,Other
17238,Shanghai Shenxin,Other
6949,Blackburn Rovers U18,Other
3237,KR Reykjavík,Other
4361,Varese FC,Other
2446,WSG Wattens,Other
5069,Plateau United FC,Other
7198,Valenzana Mado SSD,Other
2793,Southend United,Other
192,Roda JC Kerkrade,Other
788,FK Napredak Krusevac,Other
4121,Borussia Mönchengladbach U19,Other
4050,Écija Balompié,Other
1774,FC Mulhouse 2000,Other
12163,Paksi FC,Other
9352,FC Rieti,Other
4295,Stafford Rangers,Other
19280,CD San Luis de Quillota,Other
1377,OC Vannes,Other
4779,SC Heerenveen U19,Other
5196,Falkenbergs FF,Other
3595,Ismaily SC,Other
1056,Örebro SK,Other
7986,TSV Mühlenfeld,Other
1557,Würzburger Kickers,Other
16775,UD Alzira,Other
7009,GAIS Göteborg,Other
682,Sporting Club Accra,Other
9713,Miami FC ,Other
6803,FK Modrica Maxima,Other
21057,Eintracht Frankfurt U17,Other
718,KFC Lommel SK,Other
22609,Steel Azin FC,Other
8728,Aviron Bayonnais,Other
9881,Jura Sud Foot,Other
1397,FC Gueugnon,Other
2698,Rubin Kazan,Other
24773,Anagennisi Epanomis,Other
3520,FC Sète 34,Other
59,SC Campomaiorense,Other
3725,Terek Grozny,Other
6676,Asteras Tripolis,Other
8164,Standard Liège U19,Other
924,Istanbulspor,Other
33324,Vejle Boldklub Kolding,Other
184,Club Alianza Lima,Other
6638,CF Badalona,Other
3722,Hinckley United (liq.),Other
4090,AS Gualdo Casacastalda,Other
9875,Club Libertad Asunción,Other
10949,Sporting CP B,Other
4031,Cosenza Calcio 1914,Other
10390,Sanremese Calcio,Other
40813,US Dro,Other
3647,Stalybridge Celtic FC,Other
13225,CF Reus Deportiu,Other
6894,Kayseri Erciyesspor,Other
20877,Brackley Town,Other
7390,FC Aboomoslem,Other
1436,SC Beira-Mar,Other
2250,AC Prato,Other
8045,Tampere United,Other
7489,MPPJ Selangor,Other
2478,KRC Harelbeke,Other
12438,Volga Nizhniy Novgorod,Other
593,Kyoto Sanga,Other
2509,Hamburger SV U19,Other
23002,Campinas Futebol Clube (SP),Other
10503,Deportes Tolima,Other
27052,GSD Lascaris,Other
16733,UE Castelldefels,Other
49939,Virtus Francavilla Calcio,Other
4291,Portland Timbers,Other
524,Gaziantepspor,Other
17300,Desportivo Brasil Ltda (SP),Other
433,FC Koper,Other
520,Cercle Brugge ,Other
21550,Granada CF B,Other
45276,NorthEast United FC,Other
9668,AS Monaco B,Other
91,Preußen Münster,Other
44875,Calgary South West United,Other
2118,Wisla Plock,Other
30857,RSC Anderlecht Reserve,Other
41506,ASD Valtarese Calcio,Other
2394,SV Kapfenberg,Other
317,FC Twente Enschede,Other
2643,ZFC Meuselwitz,Other
33714,Tianjin Quanjian,Other
2750,Bucaspor,Other
6711,Deportivo Guadalajara,Other
1055,Enköpings SK,Other
10791,Renova Dzepciste,Other
2602,INF Clairefontaine,Other
43,Heart of Midlothian FC,Other
56,Rot-Weiss Essen,Other
9837,Redditch United,Other
11438,Harrow Borough FC,Other
18078,El Tanque Sisley,Other
27568,US Gavorrano,Other
3825,Kettering Town,Other
3867,Boreham Wood FC,Other
8344,Albirex Niigata,Other
51857,F.C. Otranto,Other
11044,FK Indjija,Other
27221,Al-Fateh,Other
3948,Royale Union Saint Gilloise,Other
6643,Real Salt Lake City,Other
13505,Al-Ittihad Tripoli,Other
6119,Clube Operário Desportivo,Other
716,PGE GKS Belchatow,Other
6266,Cavese 1919,Other
22252,Todi Calcio,Other
660,Shakhtar Donetsk,Other
10895,Buxton FC,Other
2016,BSC Old Boys,Other
10960,Central Español,Other
615,SpVgg Ansbach,Other
45277,Kerala Blasters FC,Other
11390,CS Mioveni,Other
9178,FC St. Gallen 1879 U21,Other
242,FC Winterthur,Other
1401,FC Oberlausitz Neugersdorf,Other
3930,Bray Wanderers,Other
2047,AC Bellinzona,Other
7875,LOSC Lille U19,Other
833,Denizlispor,Other
941,FC Viktoria Plzen,Other
42614,La Suze-sur-Sarthe FC,Other
216,Inter Bratislava,Other
8525,Pescara Primavera,Other
4554,FC Südtirol-Alto Adige,Other
27349,ASD Chieri Calcio,Other
5585,Barletta 1922,Other
625,Neuchâtel Xamax,Other
45604,Orlando City SC,Other
438,1.FC Köln II,Other
7831,Brisbane Roar,Other
17776,Associação Chapecoense de Futebol,Other
17130,AS Saint-Priest,Other
485,NK Hrvatski Dragovoljac,Other
1506,Kardemir Karabükspor,Other
11720,South China AA,Other
632,Hönefoss BK,Other
10348,Gallipoli Football 1909,Other
11913,Tema Youth,Other
490,FSV Wacker Nordhausen,Other
369,Lyngby BK,Other
2891,SuperSport United,Other
10857,Paulista Futebol Clube (SP),Other
2711,ASC De Volewijckers,Other
2049,KF Tirana,Other
5243,Parma Primavera,Other
4907,Madureira Esporte Clube (RJ),Other
81,VfL Osnabrück,Other
10642,Atessa Val di Sangro,Other
1321,SK Dynamo Ceske Budejovice,Other
6064,Belvedere FC,Other
8386,SS Tivoli 1919,Other
3803,Mérida UD,Other
18075,Club Deportivo Maldonado,Other
17522,CD Árabe Unido,Other
2581,AC Mantova 1911,Other
19401,Bunyodkor Tashkent,Other
109,SSV Jahn Regensburg,Other
22051,AC Isola Liri,Other
970,Perth Glory,Other
12908,NK Krka,Other
582,Karlsruher SC II,Other
18018,Zamora FC,Other
8675,Cassino Calcio 1924,Other
2074,SC Kriens,Other
50341,USD Grumellese Calcio,Other
56265,A.C. Calvina Sport,Other
2237,Calgary Storm,Other
234,Feyenoord Rotterdam,Other
4117,Wealdstone FC,Other
3270,Ipatinga Futebol Clube,Other
22177,Sagan Tosu,Other
14764,Losone Sportiva,Other
7733,Al-Qadisiya,Other
8705,AS Moulins,Other
14,Austria Vienna,Other
26103,AD Limonense,Other
1143,CD El Nacional,Other
1194,Rotherham United,Other
19367,SS Tritium 1908,Other
3489,Boston United,Other
22752,Deportivo del Valle,Other
1252,York City,Other
3512,ASD Castel di Sangro,Other
7722,Fontenay-Foot-Vendée,Other
21800,Deportivo Italchacao,Other
2855,SD Compostela,Other
7714,Olympique Noisy-le-Sec,Other
10927,Tornion Pallo -47,Other
2374,Shinnik Yaroslavl,Other
2125,Esporte Clube Vitória,Other
4114,ASG Nocerina,Other
5589,Cuoiopelli Cappiano Romaiano,Other
9103,Deportes Cobreloa,Other
23581,V-Varen Nagasaki,Other
8983,SpVgg Neckarelz,Other
988,Oxford United,Other
19231,HBS Craeyenhout,Other
16054,Sparta Oborniki,Other
1411,RAEC Mons,Other
19700,Masvingo United,Other
16083,Grêmio Osasco Audax (SP),Other
7067,Billericay Town,Other
3029,Gretna FC (aufgel.),Other
19109,AC Mezzocorona,Other
2577,Hartlepool United,Other
157,KAA Gent,Other
9256,Middlesbrough FC U21,Other
4000,Lechia Gdansk,Other
4563,AC Meda 1913,Other
7136,Envigado FC,Other
15447,Ontinyent CF,Other
5138,Tiburones Rojos de Veracruz,Other
5370,Karlsruher SC U19,Other
7378,Portimonense SC,Other
8492,Empoli Primavera,Other
13226,Caudal Deportivo,Other
32206,Río Abajo FC,Other
3052,Sutton United,Other
2729,Club Cienciano,Other
371,Celtic FC,Other
324,Pogon Szczecin,Other
27484,Polisportiva Tamai,Other
996,TuS Koblenz,Other
40352,Matelica Calcio,Other
17115,USON Mondeville,Other
3327,FC Penafiel,Other
56966,ASD Albissola 2010,Other
1102,Vaasan Palloseura,Other
6614,SVV Scheveningen,Other
8047,Suduva Marijampole,Other
4331,Trapani Calcio,Other
4286,Limerick FC,Other
1534,Aurrera de Vitoria,Other
35967,AS Roccella 1935,Other
22196,Uso Calcio,Other
11380,Gloria Buzau,Other
50547,Sona M. Mazza,Other
26911,AFAD Djékanou,Other
52519,Barra Futebol Clube (SC),Other
45278,Atlético de Kolkata,Other
10002,Derby County U18,Other
3326,AD Fafe,Other
26598,FC Trélissac,Other
27092,Port FC,Other
4084,AS Cittadella Padova,Other
52068,Ajax U18,Other
20429,Burscough FC,Other
211,Bayer 04 Leverkusen II,Other
22461,Caernarfon Town,Other
584,Berliner AK 07,Other
10850,FC Nantes B,Other
3915,AS Angoulême Charente 92,Other
9415,APS Zakynthos,Other
1302,Northampton Town,Other
31320,Al-Fujairah SC,Other
10491,Fogape Yaounde,Other
1057,Bryne FK,Other
5621,AC Reggiana,Other
12523,Adap Galo Maringá Football Club (PR),Other
4064,Figueirense Futebol Clube,Other
37487,Dreams FC,Other
614,Clube de Regatas do Flamengo,Other
2695,Moroka Swallows,Other
11608,SD Beasain,Other
22055,Tolentino Calcio,Other
3053,Northwich Victoria,Other
19447,Lärje-Angereds IF,Other
1148,Brentford FC,Other
41906,Thermal Abano Teolo,Other
4565,Tecos de la Universidad Autónoma de Guadalajara,Other
828,Urawa Red Diamonds,Other
14725,FC Groningen U21,Other
3685,Grays Athletic FC,Other
2292,Elazigspor,Other
4079,Vauxhall Motors FC,Other
173,Odense Boldklub,Other
2419,Atletico River Plate Montevideo,Other
4383,Austria Vienna Reserves,Other
15244,Ballymena United,Other
34148,UCAM Murcia CF,Other
2464,FC Barcelona B,Other
9084,Neuchâtel Xamax FCS,Other
6918,Chelsea FC U18,Other
27561,US Adriese 1906,Other
10920,Umm Salal Sport Club,Other
2832,Gaziantep Büyüksehir Belediyespor,Other
865,FC Midtjylland,Other
8781,Deportivo Cuenca,Other
27525,Santarcangelo Calcio,Other
1222,ASV Cham,Other
51,Lüneburger SK (liq.),Other
24575,HNK Gorica,Other
8154,FC Stade Rennes B,Other
21412,NK Brda,Other
28958,FC Lusitanos,Other
41692,Ghivizzano Borgo a Mozzano,Other
3455,Forest Green Rovers ,Other
11621,UD Salamanca B,Other
8590,Atlas Guadalajara,Other
6399,Sandefjord Fotball,Other
133,SC Cambuur-Leeuwarden,Other
3551,SC Rheindorf Altach,Other
4544,AS Sora Calcio,Other
2063,Club Atlético Huracán,Other
4054,Orihuela CF,Other
143,VfL Wolfsburg II,Other
44796,GNK Dinamo Zagreb II,Other
8714,Carrick Rangers,Other
1424,Association sportive de Valence ,Other
3743,FFA Centre of Excellence,Other
868,MKE Ankaragücü,Other
10155,San Marino Calcio,Other
1042,Crewe Alexandra,Other
25009,ASD Sanluri Calcio,Other
896,Farum Boldklub (FCN II),Other
26331,Varese Juniores,Other
684,Carlton SC,Other
1426,VVV-Venlo,Other
13805,Benidorm CD,Other
2557,Orlando Pirates,Other
5228,Atlantas Klaipeda,Other
964,Zenit St. Petersburg,Other
4750,SC Olhanense,Other
14690,La Plata Futbol Club,Other
596,Gamba Osaka,Other
19278,Gwarek Zabrze U19,Other
6579,AFC Sudbury,Other
14321,FC Barcelona U17,Other
7056,CD Mafra,Other
19164,AS Real Paganese,Other
1433,Excelsior Mouscron,Other
27643,Ars et Labor Grottaglie,Other
12446,Sacilese Calcio,Other
21699,ASD Modica Calcio,Other
20572,El Gouna FC,Other
3024,East Fife FC,Other
4713,Bayer 04 Leverkusen U19,Other
257,FC St. Gallen 1879,Other
3225,K Patro Maasmechelen,Other
2784,APOEL Nicosia,Other
5259,FC Baulmes,Other
4255,AC Arezzo,Other
848,1.FC Union Solingen,Other
12502,Alicante CF,Other
261,Tervarit Oulu,Other
3064,Hereford United (liq.),Other
6709,CF Atlante,Other
31175,Galbiatese Oggiono,Other
38993,SSD Argentina Arma,Other
16662,FC Lorient B,Other
3546,Thouars Foot 79,Other
4087,Atletico Catania,Other
22646,Shepshed Dynamo FC,Other
820,Genclerbirligi Ankara,Other
329,Sliema Wanderers,Other
29994,Gallia Club Lunel,Other
12132,FK Jagodina,Other
163,FC Vaduz,Other
1405,FV Dresden 06 Laubegast,Other
8384,Real Zaragoza B,Other
327,NK Osijek,Other
459,FC 08 Homburg,Other
14893,Spezia Primavera,Other
18446,CF Peralada-Girona B,Other
107,Kickers Offenbach,Other
45353,Sassari Latte Dolce,Other
3539,Tamworth FC,Other
3568,NA Hussein Dey,Other
15945,Concordia Chiajna,Other
830,Club Atlético Banfield,Other
1127,FC Halifax Town,Other
10855,Stade Raphaëlois,Other
199,Sport Club Corinthians Paulista,Other
27623,Latina Primavera,Other
15019,Vitória Setúbal FC U19,Other
26789,US Pro Vercelli,Other
7006,Melbourne Victory,Other
26462,POFK Botev Vratsa,Other
5722,Kalundborg GB,Other
110,SV Wacker Burghausen,Other
10090,Asociación Deportivo Pasto,Other
27590,ASD Morolo Calcio,Other
2257,ES Wasquehal,Other
20770,Unirea Dej,Other
5369,1.FSV Mainz 05 U19,Other
935,FC Pasching,Other
30929,Paradou AC,Other
11738,J.Malucelli Futebol,Other
15265,St. Josephs Boys,Other
2231,FC Lustenau,Other
5310,Villemomble Sports,Other
713,BATE Borisov,Other
703,Nottingham Forest,Other
5659,US Ivry,Other
4961,Querétaro FC,Other
814,FK Teplice,Other
3879,Leek Town FC,Other
4768,Changchun Yatai,Other
19771,Akhisar Belediyespor,Other
34171,CD Burriana,Other
41855,Leipziger SV Südwest,Other
6028,Ironi Kiryat Shmona,Other
12770,SM Caen B,Other
8304,Città di Gela ,Other
52420,USCD Bardolino Calcio 1946,Other
18074,Club Atlético Boston River,Other
3541,La Roche Vendée Football,Other
49734,FC Jumilla,Other
479,Slezsky FC Opava,Other
22687,Stourbridge FC,Other
9138,América Football Club (RJ),Other
10459,Standard Liège Youth,Other
18938,AS Calcio Figline,Other
18915,Kyung Hee University,Other
223,HNK Sibenik,Other
6365,Lokomotivi Tbilisi,Other
1061,Los Angeles Galaxy,Other
22556,Calcio Montebelluna 1909,Other
35348,Newcastle Town FC,Other
8144,Clube Atlético Juventus (SP),Other
9465,Petrolul Ploiesti,Other
4785,Baniyas SC,Other
918,NK Inter Zapresic,Other
54498,Sicula Leonzio,Other
1058,Odds BK,Other
9685,Genclerbirliyi Sumgayit,Other
9156,Sungkyunkwan University,Other
1091,PAOK Thessaloniki,Other
14694,Como Berretti,Other
23653,Qormi FC,Other
17483,Club General Díaz de Luque,Other
4494,Chernomorets Burgas,Other
6071,Chengdu Tiancheng,Other
9666,CD Alcalá,Other
32135,AC Formigine,Other
2364,First Vienna FC,Other
29271,CD Tudelano,Other
2331,US Avellino,Other
21864,Thór Akureyri,Other
46933,Castelvetro Calcio,Other
14977,Club Almagro,Other
16486,CF Fuenlabrada,Other
564,Würzburger FV,Other
6954,Central Coast Mariners,Other
6563,Oviedo Astur CF,Other
13523,Les Herbiers VF,Other
11622,Universidad San Martín de Porres,Other
1251,Cliftonville FC,Other
10874,Stade Bordelais,Other
2723,Santiago Wanderers,Other
271,FC Litex Lovetch,Other
10948,Guangzhou Evergrande,Other
22317,Foligno Juniores,Other
28546,Monte Alegre Futebol Clube (SP),Other
734,União São João Esporte Clube (SP),Other
9026,Glentoran FC,Other
446,VfL Bochum II,Other
3550,SC Kapellen-Erft,Other
5591,San Giuseppe,Other
8818,FC Botosani,Other
22333,AC Ponte San Pietro-Isola,Other
25580,Melbourne Heart FC,Other
31121,US Canzese,Other
2646,Clube Náutico Capibaribe,Other
3033,Stirling Albion FC,Other
4542,Cultural Leonesa,Other
39818,San Donato Tavarnelle,Other
19169,Internapoli Camaldoli,Other
5343,VfL Wolfsburg U19,Other
45299,Chennaiyin FC,Other
675,Slavia Sofia,Other
22993,Fleet Town FC,Other
944,Deportivo Quito,Other
708,Újpest FC,Other
6342,White Star Brüssel,Other
122,SK Sturm Graz,Other
22185,Crociati Noceto,Other
1269,PEC Zwolle,Other
61818,Atletico Aradeo,Other
1991,Gwarek Zabrze,Other
4677,Tennis Borussia Berlin U19,Other
102,VfB Stuttgart II,Other
14829,Brescia Primavera,Other
3037,Calcio Padova,Other
8322,Rende Calcio 1968,Other
1192,Ayr United FC,Other
4576,Club Juan Aurich,Other
25716,Fujieda MYFC,Other
11603,RC Deportivo B,Other
13379,Cúcuta Deportivo,Other
1064,Maccabi Haifa,Other
1291,Siirt Jetpa Spor,Other
7392,MFK Dubnica,Other
3912,GSI Pontivy,Other
3266,Sport Club Corinthians Alagoano,Other
28574,Neves FC,Other
3729,Arsenal Tula,Other
7011,Lamontville Golden Arrows,Other
1065,Hannover 96 II,Other
4081,Bishop Auckland FC,Other
5083,Dynamo Dresden II,Other
21146,UD Fuengirola,Other
10010,Esporte Clube Bahia,Other
19789,Yeni Malatyaspor,Other
11448,CD Colonia Ofigevi,Other
291,AD São Caetano (SP),Other
4061,Vigor Lamezia Calcio,Other
653,OFI Crete,Other
5679,Arsenal FC U18,Other
10247,Associação Portuguesa de Desportos (SP) ,Other
2974,Royal Francs Borains,Other
18633,FC Villefranche-Beaujolais,Other
2827,Hertha BSC U19,Other
748,Mogren Budva,Other
3601,Hearts of Oak,Other
46196,AC Mestre,Other
11432,Whittlesea Zebras,Other
6799,Kano Pillars,Other
10482,Kairat Almaty,Other
19585,Al Kharitiyat Sports Club,Other
9369,Stella Club d'Adjamé,Other
42231,AFC Wulfrunians,Other
4561,CS Emelec,Other
112,SC Pfullendorf,Other
936,Casino Schwarz-Weiss Bregenz,Other
1268,ADO Den Haag,Other
12764,Olympique Lyon B,Other
15925,Uberaba Sport Club (MG),Other
1381,FSV Erlangen-Bruck,Other
14579,ZESCO United FC,Other
10632,CA Rentistas,Other
932,Lokomotiv Moscow,Other
972,Yeovil Town,Other
3734,Tokyo Verdy 1969,Other
124,Rangers FC,Other
26784,Canavese Youth,Other
1241,Livingston FC,Other
9636,Seattle Sounders FC,Other
32780,Football Club Calvi,Other
10283,Sporting CP U19,Other
18487,Al-Ahli Jeddah,Other
9982,Henan Jianye,Other
1391,Zalaegerszegi TE FC,Other
9560,Politehnica Iasi,Other
27661,FC Neapolis Mugnano,Other
9250,Chelsea FC U23,Other
17250,Beijing Renhe,Other
15002,Clube de Regatas do Flamengo U20,Other
10956,Staines Town FC,Other
8738,AS Pizzighettone,Other
28,FC Bayern Munich II,Other
7466,UA Maracaibo,Other
45189,Gsd Castelfidardo Calcio,Other
26122,Banbury United,Other
16557,Logroñés CF,Other
15288,Home Farm,Other
12869,Nantwich Town FC,Other
14555,Estudiantes de Mérida,Other
8813,Barton Rovers,Other
810,Hapoel Haifa,Other
321,FC Sion,Other
883,ASV Bergedorf 85,Other
766,SG Egelsbach,Other
352,Swindon Town,Other
1087,UD Salamanca,Other
22552,Whitehawk FC,Other
18844,CD Suchitepéquez,Other
1019,Prudentópolis Esporte Clube (PR),Other
4549,US Città di Jesolo,Other
6089,Casarano Calcio,Other
11749,Lokomotiv Moscow II,Other
20375,JS Saint-Pierroise,Other
22344,ACD Nardò,Other
6169,Dulwich Hamlet FC,Other
15050,FC Drouais,Other
15083,Sport Club Internacional U20,Other
35955,ASD Calcio Cerea 1912,Other
10612,SS Pennarossa,Other
267,IK Start,Other
38987,Qingdao Huanghai,Other
45792,Ciliverghe Mazzano,Other
5086,SO Romorantin,Other
57,Rot-Weiß Oberhausen,Other
6600,Sport Club Internacional,Other
26197,US Colomiers,Other
6065,Cork City FC (diss. 2009),Other
5582,W Connection,Other
7185,Panthrakikos Komotini,Other
1493,SpVgg Durlach-Aue,Other
2282,Club Brugge KV,Other
7972,Lorca Deportiva CF,Other
5565,AC Tripoli,Other
12801,Wolverhampton Wanderers U18,Other
4282,Hyde United FC,Other
15889,Gold Coast United,Other
48044,Neuchâtel Xamax FCS Jugend,Other
5773,AS Cherbourg,Other
1198,Lincoln City,Other
22253,Noicattaro Calcio,Other
30200,Fréjus-Saint-Raphaël FC,Other
54652,Calcio Sandonà,Other
5179,Brescello Calcio,Other
1114,Al-Hilal Riyadh,Other
1089,Darlington FC (liq.),Other
36745,AC Tuttocuoio,Other
3258,Shamrock Rovers,Other
3301,Suwon Samsung Bluewings FC,Other
16786,Kjöbenhavns Boldklub (FCK II),Other
504,Grasshopper Club Zurich,Other
9262,Fulham FC U23,Other
3884,AFC Wimbledon,Other
8698,Grêmio Barueri Futebol Ltda.,Other
2978,US Lusitanos Saint-Maur,Other
22859,Gateway FC Abeokuta,Other
41804,US Inveruno,Other
3159,RFC Lüttich,Other
25804,Parma FC Youth,Other
8819,FK Javor-Matis Ivanjica,Other
9572,BSG Chemie Leipzig,Other
12748,EA Guingamp B,Other
17980,Hemel Hempstead Town,Other
10902,Club P.E.F. Matienzo,Other
1442,Rio Claro Futebol Clube (SP),Other
1184,KRC Genk,Other
4082,ASD La Biellese,Other
730,Lokomotiv Sofia,Other
967,Cherno More Varna,Other
4191,FC Pipinsried,Other
22964,FC Snagov,Other
34381,US Palestrina 1919,Other
23377,FC Ponsacco 1920,Other
5495,FC Mendrisio-Stabio,Other
28334,Bergerac Périgord FC,Other
22186,AC Fidenza 1922,Other
22403,SF Aversa Normanna,Other
238,Lech Poznan,Other
45457,Pafos FC,Other
2688,Myllykosken Pallo -47,Other
1092,IF Brommapojkarna,Other
465,St. Mirren FC,Other
4337,ASD Acireale Calcio,Other
2977,KSV Roeselare,Other
35165,Club Real Santa Cruz,Other
11466,RUFC Calais,Other
9811,Deportivo Pereira,Other
26969,U.S. Rivignano,Other
19128,Associazione Calcio Thiene,Other
494,Sporting Toulon Var,Other
2352,CD América de Cali,Other
2521,FC Alverca,Other
1403,Santos Laguna,Other
10373,Ashton United,Other
22010,FK Qabala,Other
2998,Margate FC,Other
1011,Halmstads BK,Other
3456,Gateshead FC,Other
8428,TP Mazembe,Other
7468,Club Olimpo,Other
8889,SL Benfica U19,Other
1562,FC Nitra,Other
32138,Castiadas Calcio 1973,Other
825,Eskisehirspor,Other
10492,Esporte Clube Juventude,Other
22231,SS Villacidrese,Other
1031,Luton Town,Other
11493,Palermo Primavera,Other
7242,FC Infesta,Other
27514,AS Castel Rigone,Other
20514,Unión La Calera,Other
22178,Thespakusatsu Gunma,Other
103,1.FC Schweinfurt 05,Other
4720,Deportivo Saprissa,Other
26313,TS Ober-Roden,Other
610,Ajax Amsterdam,Other
12822,CD Dénia,Other
13242,CD Puertollano,Other
39637,Zakho FC,Other
1150,Leyton Orient,Other
3165,AS Douanes (Dakar),Other
126,Caykur Rizespor,Other
38673,Paris FC B,Other
3216,Mersin Idmanyurdu,Other
1427,Türkiyemspor Berlin,Other
404,FC Den Bosch,Other
16672,SCO Angers B,Other
13504,Al-Ahly Tripoli,Other
2409,NK Marsonia Slavonski Brod,Other
32768,Gzira United FC,Other
200,FC Utrecht,Other
11997,Roma Primavera,Other
16658,Cruzeiro Esporte Clube B,Other
3850,Ekranas Panevezys,Other
16731,Torredonjimeno CF,Other
6928,Tottenham Hotspur U18,Other
49610,Trastevere Calcio,Other
34,FC Schalke 04 II,Other
2462,Fluminense Football Club,Other
48967,Inter Under 17,Other
3525,SO Cholet,Other
89,1.FC Union Berlin,Other
33560,Frome Town FC,Other
687,Molde FK,Other
29831,FC Viitorul ,Other
113,FC Carl Zeiss Jena,Other
947,Boldklubben af 1893,Other
521,OFK Pirin Blagoevgrad,Other
18642,Polisportiva Nuova Campobasso Calcio,Other
18208,Centre Salif Keita Bamako,Other
12100,CA All Boys Buenos Aires,Other
17787,CF Gimnástico Alcázar,Other
43770,Sport Galaxy Dakar,Other
40509,FC Système,Other
976,CF União Madeira,Other
1073,KSK Beveren,Other
1465,GD Estoril,Other
31367,Chester FC,Other
4671,Asdc Verbania,Other
38632,Ashington AFC,Other
27818,Machine Sazi Tabriz,Other
22187,USD Breno,Other
92,SC Fortuna Köln,Other
155,FC Kärnten,Other
937,Júbilo Iwata,Other
15058,FK Cukaricki U19,Other
7882,US Raon-l'Étape,Other
206,Bröndby IF,Other
2451,Inverness Caledonian Thistle FC,Other
33593,Lleida Esportiu,Other
3736,KSK Ronse,Other
20035,AS Vitré,Other
19309,Independiente del Valle,Other
473,1.FC Nuremberg II,Other
2662,SKN St. Pölten,Other
9100,Moghreb Tétouan,Other
88,Widzew Lodz,Other
10391,Eastleigh FC,Other
2865,Real Betis B,Other
12680,CF Chindia Targoviste,Other
9598,Kawasaki Frontale,Other
51654,Feyenoord U17,Other
11831,Club Atlético Tigre,Other
14583,CD Atlético Huila,Other
15374,Portogruaro Calcio ASD,Other
3336,Desportivo Aves,Other
236,CD Logroñés,Other
2754,FC National Bukarest,Other
5514,Calcio Lecco 1912,Other
14201,US Marseille Endoume,Other
19926,CD Lealtad,Other
3820,Mansfield Town,Other
1307,US Pistoiese 1921,Other
8793,Clube Atlético Bragantino (SP),Other
19627,Horizont Turnovo,Other
4802,TSV Neusäß,Other
1167,Shkendija Tetovo,Other
14806,Club Atlético Cerro,Other
27116,FK Kukësi,Other
4170,Vigevano Calcio,Other
3837,Fredrikstad FK,Other
903,Hibernian FC,Other
8950,Perpignan Football Catalan,Other
1320,Shenzhen Jianlibao,Other
24420,UD Logroñés,Other
45,Hertha BSC II,Other
3535,Ulsan Hyundai,Other
6371,FUS Rabat,Other
2431,CF Estrela Amadora,Other
12566,Carmarthen Town AFC,Other
11085,Real SC,Other
54230,Madre Pietra Daunia,Other
7087,MFK Ruzomberok,Other
9477,CE L’Hospitalet,Other
4274,Atlanta Silverbacks FC,Other
30066,FC Legnago Salus,Other
2444,FC Wacker Innsbruck,Other
663,Dinamo Tbilisi,Other
43162,FK Liepaja,Other
4284,Kansas City Wizards,Other
46959,FC Brentford U21,Other
50258,Varesina Calcio,Other
8024,FC Arouca,Other
26349,Apejes FC de Mfou,Other
14843,Catania Primavera,Other
4552,AC Palazzolo,Other
4644,FC Shkupi,Other
786,AEL Limassol,Other
46830,FC Monteponi Iglesias,Other
25449,Buriram United,Other
119,Maccabi Tel Aviv,Other
2797,Gravesend and Northfleet FC,Other
95,KFC Uerdingen 05,Other
1710,TSG Thannhausen,Other
210,Grêmio Foot-Ball Porto Alegrense,Other
790,NK Maribor,Other
7077,FC Cartagena,Other
282,FK Sarajevo,Other
10775,Al-Shamal,Other
322,Yverdon-Sport FC,Other
76,Vålerenga Fotball,Other
5242,Manchester United U18,Other
1292,Etoile Carouge FC,Other
2923,CD Badajoz,Other
3234,Tombense Futebol Clube (MG),Other
41146,Clodiense SSD,Other
32156,CastelnuovoSandrà,Other
1176,Racing Ferrol,Other
3524,Clermont Foot Auvergne 63,Other
5650,Pontevedra CF,Other
20479,Liberty Professionals Accra U19,Other
353,Lillestrøm SK,Other
496,Malmö FF,Other
42308,FC Calvi Noale,Other
500,Helmond Sport,Other
349,Barnsley FC,Other
11137,Red Star Belgrade U19,Other
2999,Hamilton Academical FC,Other
12682,CS Otopeni,Other
10093,Independiente Medellín,Other
55366,SC Bocognano Gravona,Other
43321,USD San Marco Avenza,Other
4074,Dartford FC,Other
15439,AC Le Havre B,Other
202,FC Groningen,Other
31614,PFK Ludogorets Razgrad,Other
3227,UCLA Bruins (Univ. of California Los Angeles),Other
11593,CA River Ebro,Other
43309,Colorno Calcio,Other
14704,Grêmio Foot-Ball Porto Alegrense B,Other
7976,Polonia Bytom,Other
4634,FK Vozdovac,Other
2984,AO Egaleo,Other
5227,Atlético CP,Other
18950,FC Matera,Other
740,Yimpas Yozgatspor,Other
3474,Western Suburbs,Other
22227,Borgosesia Calcio,Other
13484,ASDC Gozzano,Other
3057,Standard Liège,Other
4028,Avezzano Calcio,Other
13414,Rákospalotai EAC,Other
10907,Zamora CF,Other
14888,US Città di Pontedera,Other
42938,Redhill FC,Other
2781,FC Artmedia Bratislava,Other
1105,Ravenna FC,Other
2055,FC La Chaux-de-Fonds,Other
13517,US Darfo Boario,Other
14707,Real Oviedo Vetusta,Other
9702,Tivoli Gardens FC,Other
23162,CD San Marcos de Arica,Other
10532,B36 Tórshavn,Other
4673,Arsenal Fútbol Club,Other
11061,US Gorée,Other
2972,FC Bourg-Péronnas,Other
383,PSV Eindhoven,Other
2990,Académica Coimbra,Other
850,FC Wil 1900,Other
3826,St. Albans City,Other
815,Al-Shaab CSC,Other
698,Bristol City,Other
27458,AC Sant'Angelo 1907,Other
11642,Villajoyosa CF,Other
61,Servette FC,Other
36,Fenerbahce SK,Other
22615,Bromsgrove Rovers FC,Other
3933,Nuneaton Town,Other
18166,Jerez CF,Other
1536,Burgos CF,Other
4575,PSV Eindhoven U19,Other
312,Dinamo Bukarest,Other
1062,Shimizu S-Pulse,Other
3543,FK Mladenovac,Other
22266,ASD OltrepòVoghera,Other
14604,Deportes Concepción,Other
141,Galatasaray SK,Other
247,SV Meppen,Other
15656,Duque de Caxias Futebol Clube (RJ),Other
1154,Red Star FC 93,Other
7478,Esporte Clube Santo André (SP),Other
1030,Asociación Atlética Argentinos Juniors,Other
10496,UD Vecindario,Other
455,Rapid Bucharest ,Other
7406,Syrianska FC,Other
6764,PFC Beroe Stara Zagora,Other
1023,Sociedade Esportiva Palmeiras,Other
10131,SV Grödig,Other
510,FC Chiasso,Other
466,Preston North End,Other
5268,Torpedo-ZiL Moskau,Other
39368,Pinerolo FC,Other
28654,USD Novese,Other
527,FC Lausanne-Sport,Other
1227,RBC Roosendaal,Other
29349,Genoa CFC Youth,Other
797,FK Banik Most,Other
3684,Stevenage FC,Other
14814,Monaghan United FC,Other
10233,Atlético de Rafaela,Other
2417,Club Atlético Belgrano,Other
43560,Club Brugge U21,Other
24574,Gretna FC 2008,Other
678,Aarhus GF,Other
44223,AS Giana Erminio,Other
36590,ACS Poli Timisoara,Other
22381,Al-Raed,Other
566,Germinal Beerschot Antwerpen,Other
23217,Kadji Sports Academy,Other
9955,West Ham United U18,Other
40531,Calcio Valcalepio,Other
20106,Cesena Primavera,Other
9709,CSD Comunicaciones,Other
32013,ASD Lupa Castelli Romani,Other
28578,Diambars de Saly Dourbel,Other
87,SV Werder Bremen II,Other
10523,AC Sansovino,Other
13231,Haro Deportivo,Other
22203,AC Giacomense,Other
623,MetroStars,Other
1090,AZ Alkmaar,Other
1402,Olympiakos Nicosia,Other
9140,Catuense Futebol (BA),Other
706,Frankfurter FC Viktoria 91,Other
8671,KF Vllaznia,Other
46153,Fabriano Cerreto,Other
1775,Club Atlético San Lorenzo de Almagro,Other
2029,Ceará Sporting Club,Other
37028,FC Cournon-d'Auvergne,Other
2411,FC Locarno,Other
6662,Amurrio Club,Other
4080,Workington AFC,Other
50545,Viareggio 2014,Other
27520,ASD Fortis Juventus 1909,Other
26779,Pavia Juniores,Other
9708,CD Motagua Tegucigalpa,Other
6772,USM Alger,Other
1035,Sheffield Wednesday,Other
14891,FBC Saronno 1910,Other
37764,Renaissance de Ngoumou,Other
22048,Scafatese Calcio 1922,Other
36628,Guizhou Hengfeng,Other
819,Club Africain Tunis,Other
98,Dresdner SC,Other
16668,Grenoble Foot 38 B,Other
10483,Genclerbirligi Oftasspor,Other
1083,FK Rostov,Other
449,Trabzonspor,Other
17257,FBC Unione Venezia Berretti,Other
1145,Miami Fusion,Other
801,IFK Göteborg,Other
6639,AC Cambrai,Other
21474,HR Maceratese,Other
2407,CF Monterrey,Other
2350,Millonarios FC,Other
33734,AC Monopoli,Other
27531,CarpiBerretti,Other
12868,Universidad Saragossa,Other
441,Apollon Smyrnis,Other
11470,CD O'Higgins,Other
17467,Cortuluá,Other
9265,Manchester City U23,Other
13613,Sharjah Cultural Sports Club,Other
190,FC Copenhagen,Other
21283,SCG Muangthong United,Other
21957,Platanias Chania,Other
7030,Vis Pesaro dal 1898,Other
3719,FK Khimki,Other
1205,1.FC Eschborn,Other
8513,Ternana Primavera,Other
7975,FC Vysocina Jihlava,Other
3020,Alloa Athletic FC,Other
4113,US Massese,Other
2425,Rio Ave FC,Other
49247,JS Saint-Jean Beaulieu,Other
9463,Ilkeston Town (liq.),Other
22124,Puteolana 1902,Other
9263,Portsmouth FC U21,Other
10872,FC Girondins Bordeaux B,Other
599,NK Varteks Varazdin,Other
316,Grazer AK,Other
8357,Jedinstvo Bijelo Polje,Other
15515,Gornik Zabrze U19,Other
19712,AS Togo Port,Other
10217,Sarpsborg 08 FF,Other
24530,Neath FC,Other
6362,SD Aucas,Other
40058,New York City FC,Other
27774,Cork City FC,Other
51210,Sant'Omero Palmense,Other
27786,Montevideo Wanderers U19,Other
373,KSV Hessen Kassel,Other
8037,Keflavík ÍF,Other
3704,Village United,Other
195,Rosenborg BK,Other
5381,Al Khor Sports Club,Other
5623,Monarcas Morelia,Other
2433,CSD Colo Colo,Other
22302,Lupa Frascati,Other
1146,Club Necaxa,Other
8780,Sligo Rovers,Other
29434,Reggiana Giovanili,Other
12335,Solihull Moors,Other
54354,Union Feltre,Other
11648,Independiente Santa Fe,Other
8373,Città di Siracusa,Other
14435,SC Kriens II,Other
502,Asante Kotoko SC,Other
40812,CS Universitatea Craiova,Other
27613,Santegidiese Calcio,Other
2995,FC Paços de Ferreira,Other
11483,FC Vado Ligure,Other
5551,Newcastle United Jets,Other
35007,AFC Newbury,Other
8680,MKS Piaseczno,Other
28536,Bytovia Bytow,Other
8433,Esporte Clube São Bento (SP),Other
1066,Nagoya Grampus,Other
27662,FC Sambiase Calcio,Other
9767,Santa Barbara Gauchos (Uni. of CAL Santa Barbara),Other
22303,Potenza Youth,Other
11615,CD Guijuelo,Other
27843,Bala Town FC,Other
10997,Clube do Remo (PA),Other
3161,Tours FC,Other
34543,ACD Asti Calcio,Other
30370,RCO Agde,Other
3187,Tianjin Teda,Other
27190,Shanghai SIPG,Other
4032,SD Ponferradina,Other
656,Al Sadd Sports Club,Other
7055,Tigres UANL,Other
2619,Defensor Sporting Club,Other
3537,Crawley Town,Other
8524,Olympique de Marseille B,Other
12374,Altinordu,Other
339,Dnipro Dnipropetrovsk,Other
14400,Huracan de Tres Arroyos,Other
3522,Spezia Calcio,Other
6678,Thrasyvoulos Fylis,Other
626,New England Revolution,Other
25070,FK Sopot Belgrad,Other
35957,FK Palanga,Other
428,Górnik Zabrze,Other
3612,Al Ahli Sports Club,Other
3696,Dagenham & Redbridge FC,Other
776,Coritiba Foot Ball Club,Other
54536,ASD Nibbiano & Valtidone,Other
5862,ND Gorica,Other
2593,MSP Szamotuly,Other
5180,Narnese Calcio,Other
987,Motherwell FC,Other
1214,Club Cerro Porteño,Other
2721,US Alessandria Calcio,Other
56319,A.C. Garda,Other
11294,CSO Amneville,Other
779,MFK Kosice,Other
5618,Lecce Primavera,Other
22204,Derthona FBC,Other
4244,SC Union Bergen,Other
9818,SSC Giugliano,Other
1415,Teramo Calcio,Other
2457,Belenenses SAD,Other
3183,Shanghai Shenhua,Other
36100,Western Sydney Wanderers,Other
19176,Eretum Monterotondo,Other
1134,Associação Atlética Ponte Preta,Other
26860,SC Caronnese,Other
53537,Rignanese Calcio,Other
12574,Club Deportivo Godoy Cruz Antonio Tomba,Other
699,Helsingborgs IF,Other
42814,Miami FC,Other
3892,FC Eindhoven,Other
9254,Tottenham Hotspur U21,Other
14968,Salernitana Primavera,Other
54318,US Real Forte Querceta,Other
56084,Billings Yellowjackets Athletics,Other
2381,Sivasspor,Other
1245,KAS Eupen,Other
22771,Guisborough Town FC,Other
3891,ASEC Mimosas,Other
1195,Kidderminster Harriers,Other
4441,Wolfsberger AC,Other
1211,Port Vale FC,Other
26091,Al Duhail Sports Club,Other
64,SV 07 Elversberg,Other
747,FC Baden,Other
1463,FC Schalke 04 U19,Other
3197,Goiás Esporte Clube,Other
22258,USD Lavagnese 1919,Other
93,SC Verl,Other
9007,Arsenal Kyiv,Other
1234,Club Atlético Independiente,Other
245,SC Freiburg II,Other
5225,1. FC Brno,Other
3694,AFC Telford United,Other
2434,SC Salgueiros,Other
4718,SS Virtus Lanciano,Other
2734,FBC Melgar,Other
36630,Hebei China Fortune,Other
13702,CF Rayo Majadahonda,Other
49933,ASD Bustese 1963,Other
2861,KV Oostende,Other
14708,FC São Paulo B,Other
21,Chemnitzer FC,Other
5223,Maccabi Netanya,Other
15521,Lechia Gdansk U19,Other
6706,TSV Gersthofen,Other
172,RSC Charleroi,Other
318,Ruch Chorzow,Other
3898,KFC Strombeek,Other
51510,ASD Comprensorio Casalnuovese,Other
10262,Birkirkara FC,Other
3371,Cheltenham Town,Other
15796,Al-Wehdat,Other
6368,Huachipato FC,Other
367,Rayo Vallecano,La Liga
171,Real Murcia CF,La Liga
630,Racing Santander,La Liga
1532,Albacete Balompié,La Liga
3709,Getafe CF,La Liga
3368,Levante UD,La Liga
7971,Hércules CF,La Liga
16795,Granada CF,La Liga
714,RCD Espanyol Barcelona,La Liga
993,Córdoba CF,La Liga
1244,CD Leganés,La Liga
5648,Gimnàstic de Tarragona,La Liga
150,Real Betis Balompié,La Liga
142,Real Zaragoza,La Liga
131,FC Barcelona,La Liga
2296,CD Numancia,La Liga
12321,Girona FC,La Liga
418,Real Madrid,La Liga
648,CD Tenerife,La Liga
1050,Villarreal CF,La Liga
134,Xerez CD,La Liga
1084,Málaga CF,La Liga
940,Celta de Vigo,La Liga
1533,SD Eibar,La Liga
331,CA Osasuna,La Liga
2448,Sporting Gijón,La Liga
1108,Deportivo Alavés,La Liga
237,RCD Mallorca,La Liga
681,Real Sociedad,La Liga
2497,Real Oviedo,La Liga
897,Deportivo de La Coruña,La Liga
2687,Cádiz CF,La Liga
368,Sevilla FC,La Liga
3302,UD Almería,La Liga
366,Real Valladolid CF,La Liga
472,UD Las Palmas,La Liga
1531,Elche CF,La Liga
5358,SD Huesca,La Liga
1049,Valencia CF,La Liga
13,Atlético Madrid,La Liga
2867,Recreativo Huelva,La Liga
621,Athletic Bilbao,La Liga
3008,Hull City,Premier League
677,Ipswich Town,Premier League
762,Newcastle United,Premier League
1123,Norwich City,Premier League
1181,Blackpool FC,Premier League
405,Aston Villa,Premier League
1010,Watford FC,Premier League
543,Wolverhampton Wanderers,Premier League
1032,Reading FC,Premier League
985,Manchester United,Premier League
2288,Swansea City,Premier League
180,Southampton FC,Premier League
350,Sheffield United,Premier League
148,Tottenham Hotspur,Premier League
337,Birmingham City,Premier League
289,Sunderland AFC,Premier League
873,Crystal Palace,Premier League
358,Charlton Athletic,Premier League
990,Coventry City,Premier League
1039,Queens Park Rangers,Premier League
355,Bolton Wanderers,Premier League
512,Stoke City,Premier League
29,Everton FC,Premier League
281,Manchester City,Premier League
11,Arsenal FC,Premier League
379,West Ham United,Premier League
603,Cardiff City,Premier League
1071,Wigan Athletic,Premier League
1003,Leicester City,Premier League
1110,Huddersfield Town,Premier League
984,West Bromwich Albion,Premier League
1132,Burnley FC,Premier League
989,AFC Bournemouth,Premier League
164,Blackburn Rovers,Premier League
399,Leeds United,Premier League
931,Fulham FC,Premier League
1027,Bradford City,Premier League
22,Derby County,Premier League
641,Middlesbrough FC,Premier League
1237,Brighton & Hove Albion,Premier League
631,Chelsea FC,Premier League
1020,Portsmouth FC,Premier League
31,Liverpool FC,Premier League
30,FC Hansa Rostock,Bundesliga
82,VfL Wolfsburg,Bundesliga
39,1.FSV Mainz 05,Bundesliga
60,SC Freiburg,Bundesliga
3,1. FC Köln,Bundesliga
533,TSG 1899 Hoffenheim,Bundesliga
27,Bayern Munich,Bundesliga
42,Hannover 96,Bundesliga
15,Bayer 04 Leverkusen,Bundesliga
72,TSV 1860 Munich,Bundesliga
16,Borussia Dortmund,Bundesliga
65,SpVgg Greuther Fürth,Bundesliga
4,1.FC Nuremberg,Bundesliga
86,SV Werder Bremen,Bundesliga
4795,FC Ingolstadt 04,Bundesliga
2,1.FC Kaiserslautern,Bundesliga
44,Hertha BSC,Bundesliga
79,VfB Stuttgart,Bundesliga
18,Borussia Mönchengladbach,Bundesliga
66,SpVgg Unterhaching,Bundesliga
24,Eintracht Frankfurt,Bundesliga
25,FC Energie Cottbus,Bundesliga
48,Karlsruher SC,Bundesliga
80,VfL Bochum,Bundesliga
52,MSV Duisburg,Bundesliga
35,FC St. Pauli,Bundesliga
105,SV Darmstadt 98,Bundesliga
33,FC Schalke 04,Bundesliga
23,Eintracht Braunschweig,Bundesliga
23826,RB Leipzig,Bundesliga
10,Arminia Bielefeld,Bundesliga
41,Hamburger SV,Bundesliga
8,Alemannia Aachen,Bundesliga
167,FC Augsburg,Bundesliga
127,SC Paderborn 07,Bundesliga
38,Fortuna Düsseldorf,Bundesliga
1158,FC Lorient,Ligue 1
40,FC Girondins Bordeaux,Ligue 1
1423,Valenciennes FC ,Ligue 1
7042,US Boulogne,Ligue 1
1081,CS Sedan-Ardennes,Ligue 1
3911,Stade Brest 29,Ligue 1
995,FC Nantes,Ligue 1
244,Olympique Marseille,Ligue 1
667,RC Strasbourg Alsace,Ligue 1
1159,AS Nancy-Lorraine,Ligue 1
347,FC Metz,Ligue 1
290,AJ Auxerre,Ligue 1
1290,Grenoble Foot 38,Ligue 1
11300,Athlétic Club Arlésien,Ligue 1
1160,Nîmes Olympique,Ligue 1
1162,SM Caen,Ligue 1
1095,ES Troyes AC,Ligue 1
969,HSC Montpellier,Ligue 1
1082,LOSC Lille,Ligue 1
1041,Olympique Lyon,Ligue 1
738,AC Le Havre,Ligue 1
583,Paris Saint-Germain,Ligue 1
1420,SCO Angers,Ligue 1
826,RC Lens,Ligue 1
618,AS Saint-Étienne,Ligue 1
1421,Stade Reims,Ligue 1
3558,GFC Ajaccio,Ligue 1
2969,FCO Dijon,Ligue 1
1416,SC Amiens,Ligue 1
1164,Le Mans Union Club 72,Ligue 1
14171,FC Évian Thonon Gaillard,Ligue 1
415,FC Toulouse,Ligue 1
273,Stade Rennais FC,Ligue 1
1147,AC Ajaccio,Ligue 1
2580,FC Istres Ouest Provence ,Ligue 1
855,EA Guingamp,Ligue 1
750,FC Sochaux-Montbéliard,Ligue 1
595,SC Bastia,Ligue 1
417,OGC Nice,Ligue 1
162,AS Monaco,Ligue 1
839,AC Perugia,Seria A
1408,Piacenza FC,Seria A
19,Brescia Calcio,Seria A
1047,Como Calcio,Seria A
1388,Ancona Calcio,Seria A
410,Udinese Calcio,Seria A
332,AS Bari,Seria A
862,Chievo Verona,Seria A
458,US Palermo,Seria A
1210,AS Livorno,Seria A
1038,UC Sampdoria,Seria A
506,Juventus FC,Seria A
2655,Vicenza Calcio,Seria A
1385,Modena FC 2018,Seria A
800,Atalanta BC,Seria A
2921,Delfino Pescara 1936,Seria A
1627,Calcio Catania,Seria A
2251,ACD Treviso,Seria A
276,Hellas Verona,Seria A
4171,Benevento Calcio,Seria A
252,Genoa CFC,Seria A
1429,AC Cesena,Seria A
4102,Carpi FC 1909,Seria A
8970,Frosinone Calcio,Seria A
4083,FC Crotone,Seria A
416,Torino Calcio,Seria A
607,AC Venezia 1907,Seria A
6574,US Sassuolo,Seria A
1104,FC Messina Peloro,Seria A
1390,Cagliari Calcio,Seria A
430,AC Fiorentina,Seria A
1386,Reggina Calcio,Seria A
749,FC Empoli,Seria A
408,Ascoli Calcio 1898,Seria A
5,Milan AC,Seria A
398,SS Lazio,Seria A
46,FC Internazionale,Seria A
12,AS Roma,Seria A
6692,Novara Calcio 1908,Seria A
6195,SSC Napoli,Seria A
2722,SPAL 2013,Seria A
130,AC Parma,Seria A
1005,US Lecce,Seria A
1387,AC Siena,Seria A
1025,Bologna FC 1909,Seria A
